,1,2,3,4,5,6,7,8,9,10,opinion
0,0,0,0,0,0,0,0,0,0,0,-1
1,1,0,0,0,0,0,0,0,0,0,7
2,0,1,0,0,0,0,0,0,0,0,7
3,1,1,0,0,0,0,0,0,0,0,7
4,0,0,1,0,0,0,0,0,0,0,7
5,1,0,1,0,0,0,0,0,0,0,7
6,0,1,1,0,0,0,0,0,0,0,7
7,1,1,1,0,0,0,0,0,0,0,7
8,0,0,0,1,0,0,0,0,0,0,6
9,1,0,0,1,0,0,0,0,0,0,7
10,0,1,0,1,0,0,0,0,0,0,7
11,1,1,0,1,0,0,0,0,0,0,7
12,0,0,1,1,0,0,0,0,0,0,7
13,1,0,1,1,0,0,0,0,0,0,7
14,0,1,1,1,0,0,0,0,0,0,7
15,1,1,1,1,0,0,0,0,0,0,7
16,0,0,0,0,1,0,0,0,0,0,7
17,1,0,0,0,1,0,0,0,0,0,7
18,0,1,0,0,1,0,0,0,0,0,7
19,1,1,0,0,1,0,0,0,0,0,7
20,0,0,1,0,1,0,0,0,0,0,7
21,1,0,1,0,1,0,0,0,0,0,7
22,0,1,1,0,1,0,0,0,0,0,7
23,1,1,1,0,1,0,0,0,0,0,7
24,0,0,0,1,1,0,0,0,0,0,7
25,1,0,0,1,1,0,0,0,0,0,7
26,0,1,0,1,1,0,0,0,0,0,7
27,1,1,0,1,1,0,0,0,0,0,7
28,0,0,1,1,1,0,0,0,0,0,7
29,1,0,1,1,1,0,0,0,0,0,7
30,0,1,1,1,1,0,0,0,0,0,7
31,1,1,1,1,1,0,0,0,0,0,7
32,0,0,0,0,0,1,0,0,0,0,2
33,1,0,0,0,0,1,0,0,0,0,4
34,0,1,0,0,0,1,0,0,0,0,4
35,1,1,0,0,0,1,0,0,0,0,6
36,0,0,1,0,0,1,0,0,0,0,4
37,1,0,1,0,0,1,0,0,0,0,5
38,0,1,1,0,0,1,0,0,0,0,5
39,1,1,1,0,0,1,0,0,0,0,6
40,0,0,0,1,0,1,0,0,0,0,4
41,1,0,0,1,0,1,0,0,0,0,5
42,0,1,0,1,0,1,0,0,0,0,5
43,1,1,0,1,0,1,0,0,0,0,6
44,0,0,1,1,0,1,0,0,0,0,5
45,1,0,1,1,0,1,0,0,0,0,5
46,0,1,1,1,0,1,0,0,0,0,6
47,1,1,1,1,0,1,0,0,0,0,6
48,0,0,0,0,1,1,0,0,0,0,4
49,1,0,0,0,1,1,0,0,0,0,4
50,0,1,0,0,1,1,0,0,0,0,5
51,1,1,0,0,1,1,0,0,0,0,6
52,0,0,1,0,1,1,0,0,0,0,4
53,1,0,1,0,1,1,0,0,0,0,5
54,0,1,1,0,1,1,0,0,0,0,6
55,1,1,1,0,1,1,0,0,0,0,6
56,0,0,0,1,1,1,0,0,0,0,5
57,1,0,0,1,1,1,0,0,0,0,5
58,0,1,0,1,1,1,0,0,0,0,6
59,1,1,0,1,1,1,0,0,0,0,5
60,0,0,1,1,1,1,0,0,0,0,5
61,1,0,1,1,1,1,0,0,0,0,6
62,0,1,1,1,1,1,0,0,0,0,6
63,1,1,1,1,1,1,0,0,0,0,6
64,0,0,0,0,0,0,1,0,0,0,2
65,1,0,0,0,0,0,1,0,0,0,5
66,0,1,0,0,0,0,1,0,0,0,5
67,1,1,0,0,0,0,1,0,0,0,6
68,0,0,1,0,0,0,1,0,0,0,5
69,1,0,1,0,0,0,1,0,0,0,6
70,0,1,1,0,0,0,1,0,0,0,6
71,1,1,1,0,0,0,1,0,0,0,6
72,0,0,0,1,0,0,1,0,0,0,5
73,1,0,0,1,0,0,1,0,0,0,6
74,0,1,0,1,0,0,1,0,0,0,6
75,1,1,0,1,0,0,1,0,0,0,6
76,0,0,1,1,0,0,1,0,0,0,5
77,1,0,1,1,0,0,1,0,0,0,6
78,0,1,1,1,0,0,1,0,0,0,6
79,1,1,1,1,0,0,1,0,0,0,7
80,0,0,0,0,1,0,1,0,0,0,5
81,1,0,0,0,1,0,1,0,0,0,6
82,0,1,0,0,1,0,1,0,0,0,6
83,1,1,0,0,1,0,1,0,0,0,6
84,0,0,1,0,1,0,1,0,0,0,6
85,1,0,1,0,1,0,1,0,0,0,6
86,0,1,1,0,1,0,1,0,0,0,6
87,1,1,1,0,1,0,1,0,0,0,7
88,0,0,0,1,1,0,1,0,0,0,6
89,1,0,0,1,1,0,1,0,0,0,6
90,0,1,0,1,1,0,1,0,0,0,6
91,1,1,0,1,1,0,1,0,0,0,6
92,0,0,1,1,1,0,1,0,0,0,6
93,1,0,1,1,1,0,1,0,0,0,6
94,0,1,1,1,1,0,1,0,0,0,7
95,1,1,1,1,1,0,1,0,0,0,7
96,0,0,0,0,0,1,1,0,0,0,1
97,1,0,0,0,0,1,1,0,0,0,3
98,0,1,0,0,0,1,1,0,0,0,4
99,1,1,0,0,0,1,1,0,0,0,5
100,0,0,1,0,0,1,1,0,0,0,4
101,1,0,1,0,0,1,1,0,0,0,4
102,0,1,1,0,0,1,1,0,0,0,4
103,1,1,1,0,0,1,1,0,0,0,6
104,0,0,0,1,0,1,1,0,0,0,4
105,1,0,0,1,0,1,1,0,0,0,4
106,0,1,0,1,0,1,1,0,0,0,4
107,1,1,0,1,0,1,1,0,0,0,5
108,0,0,1,1,0,1,1,0,0,0,4
109,1,0,1,1,0,1,1,0,0,0,5
110,0,1,1,1,0,1,1,0,0,0,5
111,1,1,1,1,0,1,1,0,0,0,5
112,0,0,0,0,1,1,1,0,0,0,3
113,1,0,0,0,1,1,1,0,0,0,4
114,0,1,0,0,1,1,1,0,0,0,4
115,1,1,0,0,1,1,1,0,0,0,5
116,0,0,1,0,1,1,1,0,0,0,4
117,1,0,1,0,1,1,1,0,0,0,4
118,0,1,1,0,1,1,1,0,0,0,5
119,1,1,1,0,1,1,1,0,0,0,6
120,0,0,0,1,1,1,1,0,0,0,4
121,1,0,0,1,1,1,1,0,0,0,5
122,0,1,0,1,1,1,1,0,0,0,5
123,1,1,0,1,1,1,1,0,0,0,5
124,0,0,1,1,1,1,1,0,0,0,5
125,1,0,1,1,1,1,1,0,0,0,5
126,0,1,1,1,1,1,1,0,0,0,5
127,1,1,1,1,1,1,1,0,0,0,6
128,0,0,0,0,0,0,0,1,0,0,2
129,1,0,0,0,0,0,0,1,0,0,5
130,0,1,0,0,0,0,0,1,0,0,5
131,1,1,0,0,0,0,0,1,0,0,6
132,0,0,1,0,0,0,0,1,0,0,5
133,1,0,1,0,0,0,0,1,0,0,6
134,0,1,1,0,0,0,0,1,0,0,6
135,1,1,1,0,0,0,0,1,0,0,6
136,0,0,0,1,0,0,0,1,0,0,4
137,1,0,0,1,0,0,0,1,0,0,6
138,0,1,0,1,0,0,0,1,0,0,6
139,1,1,0,1,0,0,0,1,0,0,6
140,0,0,1,1,0,0,0,1,0,0,6
141,1,0,1,1,0,0,0,1,0,0,6
142,0,1,1,1,0,0,0,1,0,0,6
143,1,1,1,1,0,0,0,1,0,0,6
144,0,0,0,0,1,0,0,1,0,0,5
145,1,0,0,0,1,0,0,1,0,0,6
146,0,1,0,0,1,0,0,1,0,0,6
147,1,1,0,0,1,0,0,1,0,0,6
148,0,0,1,0,1,0,0,1,0,0,6
149,1,0,1,0,1,0,0,1,0,0,6
150,0,1,1,0,1,0,0,1,0,0,6
151,1,1,1,0,1,0,0,1,0,0,7
152,0,0,0,1,1,0,0,1,0,0,6
153,1,0,0,1,1,0,0,1,0,0,6
154,0,1,0,1,1,0,0,1,0,0,6
155,1,1,0,1,1,0,0,1,0,0,7
156,0,0,1,1,1,0,0,1,0,0,6
157,1,0,1,1,1,0,0,1,0,0,6
158,0,1,1,1,1,0,0,1,0,0,6
159,1,1,1,1,1,0,0,1,0,0,6
160,0,0,0,0,0,1,0,1,0,0,1
161,1,0,0,0,0,1,0,1,0,0,4
162,0,1,0,0,0,1,0,1,0,0,4
163,1,1,0,0,0,1,0,1,0,0,5
164,0,0,1,0,0,1,0,1,0,0,4
165,1,0,1,0,0,1,0,1,0,0,4
166,0,1,1,0,0,1,0,1,0,0,4
167,1,1,1,0,0,1,0,1,0,0,5
168,0,0,0,1,0,1,0,1,0,0,4
169,1,0,0,1,0,1,0,1,0,0,4
170,0,1,0,1,0,1,0,1,0,0,5
171,1,1,0,1,0,1,0,1,0,0,5
172,0,0,1,1,0,1,0,1,0,0,4
173,1,0,1,1,0,1,0,1,0,0,5
174,0,1,1,1,0,1,0,1,0,0,5
175,1,1,1,1,0,1,0,1,0,0,5
176,0,0,0,0,1,1,0,1,0,0,3
177,1,0,0,0,1,1,0,1,0,0,4
178,0,1,0,0,1,1,0,1,0,0,5
179,1,1,0,0,1,1,0,1,0,0,5
180,0,0,1,0,1,1,0,1,0,0,4
181,1,0,1,0,1,1,0,1,0,0,5
182,0,1,1,0,1,1,0,1,0,0,5
183,1,1,1,0,1,1,0,1,0,0,6
184,0,0,0,1,1,1,0,1,0,0,4
185,1,0,0,1,1,1,0,1,0,0,5
186,0,1,0,1,1,1,0,1,0,0,5
187,1,1,0,1,1,1,0,1,0,0,5
188,0,0,1,1,1,1,0,1,0,0,4
189,1,0,1,1,1,1,0,1,0,0,5
190,0,1,1,1,1,1,0,1,0,0,5
191,1,1,1,1,1,1,0,1,0,0,6
192,0,0,0,0,0,0,1,1,0,0,1
193,1,0,0,0,0,0,1,1,0,0,4
194,0,1,0,0,0,0,1,1,0,0,5
195,1,1,0,0,0,0,1,1,0,0,5
196,0,0,1,0,0,0,1,1,0,0,4
197,1,0,1,0,0,0,1,1,0,0,5
198,0,1,1,0,0,0,1,1,0,0,5
199,1,1,1,0,0,0,1,1,0,0,6
200,0,0,0,1,0,0,1,1,0,0,4
201,1,0,0,1,0,0,1,1,0,0,5
202,0,1,0,1,0,0,1,1,0,0,5
203,1,1,0,1,0,0,1,1,0,0,6
204,0,0,1,1,0,0,1,1,0,0,5
205,1,0,1,1,0,0,1,1,0,0,6
206,0,1,1,1,0,0,1,1,0,0,6
207,1,1,1,1,0,0,1,1,0,0,6
208,0,0,0,0,1,0,1,1,0,0,4
209,1,0,0,0,1,0,1,1,0,0,5
210,0,1,0,0,1,0,1,1,0,0,5
211,1,1,0,0,1,0,1,1,0,0,6
212,0,0,1,0,1,0,1,1,0,0,5
213,1,0,1,0,1,0,1,1,0,0,6
214,0,1,1,0,1,0,1,1,0,0,6
215,1,1,1,0,1,0,1,1,0,0,6
216,0,0,0,1,1,0,1,1,0,0,5
217,1,0,0,1,1,0,1,1,0,0,6
218,0,1,0,1,1,0,1,1,0,0,6
219,1,1,0,1,1,0,1,1,0,0,6
220,0,0,1,1,1,0,1,1,0,0,6
221,1,0,1,1,1,0,1,1,0,0,6
222,0,1,1,1,1,0,1,1,0,0,6
223,1,1,1,1,1,0,1,1,0,0,6
224,0,0,0,0,0,1,1,1,0,0,1
225,1,0,0,0,0,1,1,1,0,0,2
226,0,1,0,0,0,1,1,1,0,0,4
227,1,1,0,0,0,1,1,1,0,0,4
228,0,0,1,0,0,1,1,1,0,0,2
229,1,0,1,0,0,1,1,1,0,0,4
230,0,1,1,0,0,1,1,1,0,0,4
231,1,1,1,0,0,1,1,1,0,0,4
232,0,0,0,1,0,1,1,1,0,0,2
233,1,0,0,1,0,1,1,1,0,0,4
234,0,1,0,1,0,1,1,1,0,0,4
235,1,1,0,1,0,1,1,1,0,0,4
236,0,0,1,1,0,1,1,1,0,0,4
237,1,0,1,1,0,1,1,1,0,0,4
238,0,1,1,1,0,1,1,1,0,0,4
239,1,1,1,1,0,1,1,1,0,0,4
240,0,0,0,0,1,1,1,1,0,0,2
241,1,0,0,0,1,1,1,1,0,0,4
242,0,1,0,0,1,1,1,1,0,0,4
243,1,1,0,0,1,1,1,1,0,0,4
244,0,0,1,0,1,1,1,1,0,0,4
245,1,0,1,0,1,1,1,1,0,0,4
246,0,1,1,0,1,1,1,1,0,0,4
247,1,1,1,0,1,1,1,1,0,0,4
248,0,0,0,1,1,1,1,1,0,0,4
249,1,0,0,1,1,1,1,1,0,0,4
250,0,1,0,1,1,1,1,1,0,0,4
251,1,1,0,1,1,1,1,1,0,0,5
252,0,0,1,1,1,1,1,1,0,0,4
253,1,0,1,1,1,1,1,1,0,0,4
254,0,1,1,1,1,1,1,1,0,0,5
255,1,1,1,1,1,1,1,1,0,0,5
256,0,0,0,0,0,0,0,0,1,0,2
257,1,0,0,0,0,0,0,0,1,0,5
258,0,1,0,0,0,0,0,0,1,0,5
259,1,1,0,0,0,0,0,0,1,0,6
260,0,0,1,0,0,0,0,0,1,0,5
261,1,0,1,0,0,0,0,0,1,0,6
262,0,1,1,0,0,0,0,0,1,0,6
263,1,1,1,0,0,0,0,0,1,0,6
264,0,0,0,1,0,0,0,0,1,0,4
265,1,0,0,1,0,0,0,0,1,0,6
266,0,1,0,1,0,0,0,0,1,0,6
267,1,1,0,1,0,0,0,0,1,0,6
268,0,0,1,1,0,0,0,0,1,0,6
269,1,0,1,1,0,0,0,0,1,0,6
270,0,1,1,1,0,0,0,0,1,0,6
271,1,1,1,1,0,0,0,0,1,0,6
272,0,0,0,0,1,0,0,0,1,0,4
273,1,0,0,0,1,0,0,0,1,0,6
274,0,1,0,0,1,0,0,0,1,0,6
275,1,1,0,0,1,0,0,0,1,0,6
276,0,0,1,0,1,0,0,0,1,0,6
277,1,0,1,0,1,0,0,0,1,0,6
278,0,1,1,0,1,0,0,0,1,0,6
279,1,1,1,0,1,0,0,0,1,0,6
280,0,0,0,1,1,0,0,0,1,0,6
281,1,0,0,1,1,0,0,0,1,0,6
282,0,1,0,1,1,0,0,0,1,0,6
283,1,1,0,1,1,0,0,0,1,0,6
284,0,0,1,1,1,0,0,0,1,0,6
285,1,0,1,1,1,0,0,0,1,0,6
286,0,1,1,1,1,0,0,0,1,0,7
287,1,1,1,1,1,0,0,0,1,0,6
288,0,0,0,0,0,1,0,0,1,0,1
289,1,0,0,0,0,1,0,0,1,0,3
290,0,1,0,0,0,1,0,0,1,0,4
291,1,1,0,0,0,1,0,0,1,0,5
292,0,0,1,0,0,1,0,0,1,0,4
293,1,0,1,0,0,1,0,0,1,0,4
294,0,1,1,0,0,1,0,0,1,0,4
295,1,1,1,0,0,1,0,0,1,0,5
296,0,0,0,1,0,1,0,0,1,0,4
297,1,0,0,1,0,1,0,0,1,0,4
298,0,1,0,1,0,1,0,0,1,0,5
299,1,1,0,1,0,1,0,0,1,0,4
300,0,0,1,1,0,1,0,0,1,0,4
301,1,0,1,1,0,1,0,0,1,0,5
302,0,1,1,1,0,1,0,0,1,0,5
303,1,1,1,1,0,1,0,0,1,0,5
304,0,0,0,0,1,1,0,0,1,0,4
305,1,0,0,0,1,1,0,0,1,0,4
306,0,1,0,0,1,1,0,0,1,0,4
307,1,1,0,0,1,1,0,0,1,0,4
308,0,0,1,0,1,1,0,0,1,0,4
309,1,0,1,0,1,1,0,0,1,0,5
310,0,1,1,0,1,1,0,0,1,0,5
311,1,1,1,0,1,1,0,0,1,0,5
312,0,0,0,1,1,1,0,0,1,0,4
313,1,0,0,1,1,1,0,0,1,0,5
314,0,1,0,1,1,1,0,0,1,0,5
315,1,1,0,1,1,1,0,0,1,0,5
316,0,0,1,1,1,1,0,0,1,0,5
317,1,0,1,1,1,1,0,0,1,0,5
318,0,1,1,1,1,1,0,0,1,0,5
319,1,1,1,1,1,1,0,0,1,0,6
320,0,0,0,0,0,0,1,0,1,0,1
321,1,0,0,0,0,0,1,0,1,0,4
322,0,1,0,0,0,0,1,0,1,0,4
323,1,1,0,0,0,0,1,0,1,0,5
324,0,0,1,0,0,0,1,0,1,0,4
325,1,0,1,0,0,0,1,0,1,0,5
326,0,1,1,0,0,0,1,0,1,0,5
327,1,1,1,0,0,0,1,0,1,0,6
328,0,0,0,1,0,0,1,0,1,0,4
329,1,0,0,1,0,0,1,0,1,0,5
330,0,1,0,1,0,0,1,0,1,0,5
331,1,1,0,1,0,0,1,0,1,0,6
332,0,0,1,1,0,0,1,0,1,0,4
333,1,0,1,1,0,0,1,0,1,0,5
334,0,1,1,1,0,0,1,0,1,0,6
335,1,1,1,1,0,0,1,0,1,0,6
336,0,0,0,0,1,0,1,0,1,0,4
337,1,0,0,0,1,0,1,0,1,0,5
338,0,1,0,0,1,0,1,0,1,0,5
339,1,1,0,0,1,0,1,0,1,0,6
340,0,0,1,0,1,0,1,0,1,0,5
341,1,0,1,0,1,0,1,0,1,0,6
342,0,1,1,0,1,0,1,0,1,0,6
343,1,1,1,0,1,0,1,0,1,0,6
344,0,0,0,1,1,0,1,0,1,0,4
345,1,0,0,1,1,0,1,0,1,0,5
346,0,1,0,1,1,0,1,0,1,0,6
347,1,1,0,1,1,0,1,0,1,0,6
348,0,0,1,1,1,0,1,0,1,0,6
349,1,0,1,1,1,0,1,0,1,0,6
350,0,1,1,1,1,0,1,0,1,0,6
351,1,1,1,1,1,0,1,0,1,0,6
352,0,0,0,0,0,1,1,0,1,0,1
353,1,0,0,0,0,1,1,0,1,0,2
354,0,1,0,0,0,1,1,0,1,0,2
355,1,1,0,0,0,1,1,0,1,0,4
356,0,0,1,0,0,1,1,0,1,0,2
357,1,0,1,0,0,1,1,0,1,0,4
358,0,1,1,0,0,1,1,0,1,0,4
359,1,1,1,0,0,1,1,0,1,0,4
360,0,0,0,1,0,1,1,0,1,0,2
361,1,0,0,1,0,1,1,0,1,0,4
362,0,1,0,1,0,1,1,0,1,0,4
363,1,1,0,1,0,1,1,0,1,0,4
364,0,0,1,1,0,1,1,0,1,0,4
365,1,0,1,1,0,1,1,0,1,0,4
366,0,1,1,1,0,1,1,0,1,0,4
367,1,1,1,1,0,1,1,0,1,0,5
368,0,0,0,0,1,1,1,0,1,0,2
369,1,0,0,0,1,1,1,0,1,0,4
370,0,1,0,0,1,1,1,0,1,0,4
371,1,1,0,0,1,1,1,0,1,0,4
372,0,0,1,0,1,1,1,0,1,0,4
373,1,0,1,0,1,1,1,0,1,0,4
374,0,1,1,0,1,1,1,0,1,0,4
375,1,1,1,0,1,1,1,0,1,0,5
376,0,0,0,1,1,1,1,0,1,0,4
377,1,0,0,1,1,1,1,0,1,0,4
378,0,1,0,1,1,1,1,0,1,0,4
379,1,1,0,1,1,1,1,0,1,0,4
380,0,0,1,1,1,1,1,0,1,0,4
381,1,0,1,1,1,1,1,0,1,0,4
382,0,1,1,1,1,1,1,0,1,0,5
383,1,1,1,1,1,1,1,0,1,0,6
384,0,0,0,0,0,0,0,1,1,0,2
385,1,0,0,0,0,0,0,1,1,0,4
386,0,1,0,0,0,0,0,1,1,0,4
387,1,1,0,0,0,0,0,1,1,0,5
388,0,0,1,0,0,0,0,1,1,0,4
389,1,0,1,0,0,0,0,1,1,0,5
390,0,1,1,0,0,0,0,1,1,0,5
391,1,1,1,0,0,0,0,1,1,0,6
392,0,0,0,1,0,0,0,1,1,0,4
393,1,0,0,1,0,0,0,1,1,0,4
394,0,1,0,1,0,0,0,1,1,0,5
395,1,1,0,1,0,0,0,1,1,0,5
396,0,0,1,1,0,0,0,1,1,0,4
397,1,0,1,1,0,0,0,1,1,0,6
398,0,1,1,1,0,0,0,1,1,0,6
399,1,1,1,1,0,0,0,1,1,0,6
400,0,0,0,0,1,0,0,1,1,0,3
401,1,0,0,0,1,0,0,1,1,0,4
402,0,1,0,0,1,0,0,1,1,0,5
403,1,1,0,0,1,0,0,1,1,0,5
404,0,0,1,0,1,0,0,1,1,0,5
405,1,0,1,0,1,0,0,1,1,0,5
406,0,1,1,0,1,0,0,1,1,0,5
407,1,1,1,0,1,0,0,1,1,0,6
408,0,0,0,1,1,0,0,1,1,0,4
409,1,0,0,1,1,0,0,1,1,0,5
410,0,1,0,1,1,0,0,1,1,0,5
411,1,1,0,1,1,0,0,1,1,0,6
412,0,0,1,1,1,0,0,1,1,0,5
413,1,0,1,1,1,0,0,1,1,0,6
414,0,1,1,1,1,0,0,1,1,0,6
415,1,1,1,1,1,0,0,1,1,0,6
416,0,0,0,0,0,1,0,1,1,0,1
417,1,0,0,0,0,1,0,1,1,0,2
418,0,1,0,0,0,1,0,1,1,0,2
419,1,1,0,0,0,1,0,1,1,0,4
420,0,0,1,0,0,1,0,1,1,0,2
421,1,0,1,0,0,1,0,1,1,0,4
422,0,1,1,0,0,1,0,1,1,0,4
423,1,1,1,0,0,1,0,1,1,0,4
424,0,0,0,1,0,1,0,1,1,0,2
425,1,0,0,1,0,1,0,1,1,0,4
426,0,1,0,1,0,1,0,1,1,0,4
427,1,1,0,1,0,1,0,1,1,0,4
428,0,0,1,1,0,1,0,1,1,0,4
429,1,0,1,1,0,1,0,1,1,0,4
430,0,1,1,1,0,1,0,1,1,0,4
431,1,1,1,1,0,1,0,1,1,0,4
432,0,0,0,0,1,1,0,1,1,0,2
433,1,0,0,0,1,1,0,1,1,0,4
434,0,1,0,0,1,1,0,1,1,0,4
435,1,1,0,0,1,1,0,1,1,0,4
436,0,0,1,0,1,1,0,1,1,0,4
437,1,0,1,0,1,1,0,1,1,0,4
438,0,1,1,0,1,1,0,1,1,0,4
439,1,1,1,0,1,1,0,1,1,0,5
440,0,0,0,1,1,1,0,1,1,0,4
441,1,0,0,1,1,1,0,1,1,0,4
442,0,1,0,1,1,1,0,1,1,0,4
443,1,1,0,1,1,1,0,1,1,0,4
444,0,0,1,1,1,1,0,1,1,0,4
445,1,0,1,1,1,1,0,1,1,0,4
446,0,1,1,1,1,1,0,1,1,0,4
447,1,1,1,1,1,1,0,1,1,0,5
448,0,0,0,0,0,0,1,1,1,0,1
449,1,0,0,0,0,0,1,1,1,0,3
450,0,1,0,0,0,0,1,1,1,0,3
451,1,1,0,0,0,0,1,1,1,0,4
452,0,0,1,0,0,0,1,1,1,0,3
453,1,0,1,0,0,0,1,1,1,0,4
454,0,1,1,0,0,0,1,1,1,0,4
455,1,1,1,0,0,0,1,1,1,0,5
456,0,0,0,1,0,0,1,1,1,0,2
457,1,0,0,1,0,0,1,1,1,0,4
458,0,1,0,1,0,0,1,1,1,0,4
459,1,1,0,1,0,0,1,1,1,0,5
460,0,0,1,1,0,0,1,1,1,0,4
461,1,0,1,1,0,0,1,1,1,0,4
462,0,1,1,1,0,0,1,1,1,0,5
463,1,1,1,1,0,0,1,1,1,0,6
464,0,0,0,0,1,0,1,1,1,0,2
465,1,0,0,0,1,0,1,1,1,0,4
466,0,1,0,0,1,0,1,1,1,0,4
467,1,1,0,0,1,0,1,1,1,0,5
468,0,0,1,0,1,0,1,1,1,0,4
469,1,0,1,0,1,0,1,1,1,0,5
470,0,1,1,0,1,0,1,1,1,0,5
471,1,1,1,0,1,0,1,1,1,0,6
472,0,0,0,1,1,0,1,1,1,0,4
473,1,0,0,1,1,0,1,1,1,0,4
474,0,1,0,1,1,0,1,1,1,0,5
475,1,1,0,1,1,0,1,1,1,0,5
476,0,0,1,1,1,0,1,1,1,0,5
477,1,0,1,1,1,0,1,1,1,0,6
478,0,1,1,1,1,0,1,1,1,0,6
479,1,1,1,1,1,0,1,1,1,0,6
480,0,0,0,0,0,1,1,1,1,0,1
481,1,0,0,0,0,1,1,1,1,0,2
482,0,1,0,0,0,1,1,1,1,0,2
483,1,1,0,0,0,1,1,1,1,0,4
484,0,0,1,0,0,1,1,1,1,0,2
485,1,0,1,0,0,1,1,1,1,0,4
486,0,1,1,0,0,1,1,1,1,0,4
487,1,1,1,0,0,1,1,1,1,0,4
488,0,0,0,1,0,1,1,1,1,0,2
489,1,0,0,1,0,1,1,1,1,0,4
490,0,1,0,1,0,1,1,1,1,0,4
491,1,1,0,1,0,1,1,1,1,0,4
492,0,0,1,1,0,1,1,1,1,0,4
493,1,0,1,1,0,1,1,1,1,0,4
494,0,1,1,1,0,1,1,1,1,0,4
495,1,1,1,1,0,1,1,1,1,0,4
496,0,0,0,0,1,1,1,1,1,0,2
497,1,0,0,0,1,1,1,1,1,0,4
498,0,1,0,0,1,1,1,1,1,0,4
499,1,1,0,0,1,1,1,1,1,0,4
500,0,0,1,0,1,1,1,1,1,0,4
501,1,0,1,0,1,1,1,1,1,0,4
502,0,1,1,0,1,1,1,1,1,0,4
503,1,1,1,0,1,1,1,1,1,0,4
504,0,0,0,1,1,1,1,1,1,0,4
505,1,0,0,1,1,1,1,1,1,0,4
506,0,1,0,1,1,1,1,1,1,0,4
507,1,1,0,1,1,1,1,1,1,0,4
508,0,0,1,1,1,1,1,1,1,0,4
509,1,0,1,1,1,1,1,1,1,0,4
510,0,1,1,1,1,1,1,1,1,0,4
511,1,1,1,1,1,1,1,1,1,0,5
512,0,0,0,0,0,0,0,0,0,1,2
513,1,0,0,0,0,0,0,0,0,1,4
514,0,1,0,0,0,0,0,0,0,1,4
515,1,1,0,0,0,0,0,0,0,1,6
516,0,0,1,0,0,0,0,0,0,1,4
517,1,0,1,0,0,0,0,0,0,1,6
518,0,1,1,0,0,0,0,0,0,1,6
519,1,1,1,0,0,0,0,0,0,1,6
520,0,0,0,1,0,0,0,0,0,1,4
521,1,0,0,1,0,0,0,0,0,1,6
522,0,1,0,1,0,0,0,0,0,1,6
523,1,1,0,1,0,0,0,0,0,1,6
524,0,0,1,1,0,0,0,0,0,1,6
525,1,0,1,1,0,0,0,0,0,1,6
526,0,1,1,1,0,0,0,0,0,1,6
527,1,1,1,1,0,0,0,0,0,1,6
528,0,0,0,0,1,0,0,0,0,1,4
529,1,0,0,0,1,0,0,0,0,1,6
530,0,1,0,0,1,0,0,0,0,1,6
531,1,1,0,0,1,0,0,0,0,1,6
532,0,0,1,0,1,0,0,0,0,1,6
533,1,0,1,0,1,0,0,0,0,1,6
534,0,1,1,0,1,0,0,0,0,1,6
535,1,1,1,0,1,0,0,0,0,1,6
536,0,0,0,1,1,0,0,0,0,1,6
537,1,0,0,1,1,0,0,0,0,1,6
538,0,1,0,1,1,0,0,0,0,1,6
539,1,1,0,1,1,0,0,0,0,1,6
540,0,0,1,1,1,0,0,0,0,1,6
541,1,0,1,1,1,0,0,0,0,1,6
542,0,1,1,1,1,0,0,0,0,1,6
543,1,1,1,1,1,0,0,0,0,1,7
544,0,0,0,0,0,1,0,0,0,1,1
545,1,0,0,0,0,1,0,0,0,1,4
546,0,1,0,0,0,1,0,0,0,1,4
547,1,1,0,0,0,1,0,0,0,1,5
548,0,0,1,0,0,1,0,0,0,1,4
549,1,0,1,0,0,1,0,0,0,1,5
550,0,1,1,0,0,1,0,0,0,1,4
551,1,1,1,0,0,1,0,0,0,1,6
552,0,0,0,1,0,1,0,0,0,1,3
553,1,0,0,1,0,1,0,0,0,1,4
554,0,1,0,1,0,1,0,0,0,1,5
555,1,1,0,1,0,1,0,0,0,1,5
556,0,0,1,1,0,1,0,0,0,1,4
557,1,0,1,1,0,1,0,0,0,1,5
558,0,1,1,1,0,1,0,0,0,1,5
559,1,1,1,1,0,1,0,0,0,1,6
560,0,0,0,0,1,1,0,0,0,1,3
561,1,0,0,0,1,1,0,0,0,1,4
562,0,1,0,0,1,1,0,0,0,1,5
563,1,1,0,0,1,1,0,0,0,1,5
564,0,0,1,0,1,1,0,0,0,1,4
565,1,0,1,0,1,1,0,0,0,1,5
566,0,1,1,0,1,1,0,0,0,1,5
567,1,1,1,0,1,1,0,0,0,1,6
568,0,0,0,1,1,1,0,0,0,1,4
569,1,0,0,1,1,1,0,0,0,1,5
570,0,1,0,1,1,1,0,0,0,1,5
571,1,1,0,1,1,1,0,0,0,1,6
572,0,0,1,1,1,1,0,0,0,1,4
573,1,0,1,1,1,1,0,0,0,1,5
574,0,1,1,1,1,1,0,0,0,1,6
575,1,1,1,1,1,1,0,0,0,1,6
576,0,0,0,0,0,0,1,0,0,1,1
577,1,0,0,0,0,0,1,0,0,1,4
578,0,1,0,0,0,0,1,0,0,1,4
579,1,1,0,0,0,0,1,0,0,1,6
580,0,0,1,0,0,0,1,0,0,1,4
581,1,0,1,0,0,0,1,0,0,1,5
582,0,1,1,0,0,0,1,0,0,1,5
583,1,1,1,0,0,0,1,0,0,1,6
584,0,0,0,1,0,0,1,0,0,1,4
585,1,0,0,1,0,0,1,0,0,1,5
586,0,1,0,1,0,0,1,0,0,1,5
587,1,1,0,1,0,0,1,0,0,1,6
588,0,0,1,1,0,0,1,0,0,1,5
589,1,0,1,1,0,0,1,0,0,1,6
590,0,1,1,1,0,0,1,0,0,1,6
591,1,1,1,1,0,0,1,0,0,1,6
592,0,0,0,0,1,0,1,0,0,1,4
593,1,0,0,0,1,0,1,0,0,1,5
594,0,1,0,0,1,0,1,0,0,1,5
595,1,1,0,0,1,0,1,0,0,1,6
596,0,0,1,0,1,0,1,0,0,1,5
597,1,0,1,0,1,0,1,0,0,1,6
598,0,1,1,0,1,0,1,0,0,1,6
599,1,1,1,0,1,0,1,0,0,1,6
600,0,0,0,1,1,0,1,0,0,1,4
601,1,0,0,1,1,0,1,0,0,1,6
602,0,1,0,1,1,0,1,0,0,1,6
603,1,1,0,1,1,0,1,0,0,1,6
604,0,0,1,1,1,0,1,0,0,1,6
605,1,0,1,1,1,0,1,0,0,1,6
606,0,1,1,1,1,0,1,0,0,1,7
607,1,1,1,1,1,0,1,0,0,1,7
608,0,0,0,0,0,1,1,0,0,1,1
609,1,0,0,0,0,1,1,0,0,1,2
610,0,1,0,0,0,1,1,0,0,1,2
611,1,1,0,0,0,1,1,0,0,1,4
612,0,0,1,0,0,1,1,0,0,1,3
613,1,0,1,0,0,1,1,0,0,1,4
614,0,1,1,0,0,1,1,0,0,1,4
615,1,1,1,0,0,1,1,0,0,1,4
616,0,0,0,1,0,1,1,0,0,1,2
617,1,0,0,1,0,1,1,0,0,1,4
618,0,1,0,1,0,1,1,0,0,1,4
619,1,1,0,1,0,1,1,0,0,1,5
620,0,0,1,1,0,1,1,0,0,1,4
621,1,0,1,1,0,1,1,0,0,1,4
622,0,1,1,1,0,1,1,0,0,1,4
623,1,1,1,1,0,1,1,0,0,1,5
624,0,0,0,0,1,1,1,0,0,1,2
625,1,0,0,0,1,1,1,0,0,1,4
626,0,1,0,0,1,1,1,0,0,1,4
627,1,1,0,0,1,1,1,0,0,1,4
628,0,0,1,0,1,1,1,0,0,1,4
629,1,0,1,0,1,1,1,0,0,1,4
630,0,1,1,0,1,1,1,0,0,1,4
631,1,1,1,0,1,1,1,0,0,1,6
632,0,0,0,1,1,1,1,0,0,1,4
633,1,0,0,1,1,1,1,0,0,1,4
634,0,1,0,1,1,1,1,0,0,1,4
635,1,1,0,1,1,1,1,0,0,1,4
636,0,0,1,1,1,1,1,0,0,1,4
637,1,0,1,1,1,1,1,0,0,1,5
638,0,1,1,1,1,1,1,0,0,1,5
639,1,1,1,1,1,1,1,0,0,1,6
640,0,0,0,0,0,0,0,1,0,1,1
641,1,0,0,0,0,0,0,1,0,1,4
642,0,1,0,0,0,0,0,1,0,1,4
643,1,1,0,0,0,0,0,1,0,1,6
644,0,0,1,0,0,0,0,1,0,1,4
645,1,0,1,0,0,0,0,1,0,1,5
646,0,1,1,0,0,0,0,1,0,1,5
647,1,1,1,0,0,0,0,1,0,1,6
648,0,0,0,1,0,0,0,1,0,1,4
649,1,0,0,1,0,0,0,1,0,1,5
650,0,1,0,1,0,0,0,1,0,1,5
651,1,1,0,1,0,0,0,1,0,1,6
652,0,0,1,1,0,0,0,1,0,1,5
653,1,0,1,1,0,0,0,1,0,1,6
654,0,1,1,1,0,0,0,1,0,1,6
655,1,1,1,1,0,0,0,1,0,1,7
656,0,0,0,0,1,0,0,1,0,1,4
657,1,0,0,0,1,0,0,1,0,1,5
658,0,1,0,0,1,0,0,1,0,1,5
659,1,1,0,0,1,0,0,1,0,1,6
660,0,0,1,0,1,0,0,1,0,1,5
661,1,0,1,0,1,0,0,1,0,1,6
662,0,1,1,0,1,0,0,1,0,1,6
663,1,1,1,0,1,0,0,1,0,1,6
664,0,0,0,1,1,0,0,1,0,1,5
665,1,0,0,1,1,0,0,1,0,1,6
666,0,1,0,1,1,0,0,1,0,1,6
667,1,1,0,1,1,0,0,1,0,1,6
668,0,0,1,1,1,0,0,1,0,1,5
669,1,0,1,1,1,0,0,1,0,1,6
670,0,1,1,1,1,0,0,1,0,1,6
671,1,1,1,1,1,0,0,1,0,1,6
672,0,0,0,0,0,1,0,1,0,1,1
673,1,0,0,0,0,1,0,1,0,1,2
674,0,1,0,0,0,1,0,1,0,1,3
675,1,1,0,0,0,1,0,1,0,1,4
676,0,0,1,0,0,1,0,1,0,1,2
677,1,0,1,0,0,1,0,1,0,1,4
678,0,1,1,0,0,1,0,1,0,1,4
679,1,1,1,0,0,1,0,1,0,1,5
680,0,0,0,1,0,1,0,1,0,1,2
681,1,0,0,1,0,1,0,1,0,1,4
682,0,1,0,1,0,1,0,1,0,1,4
683,1,1,0,1,0,1,0,1,0,1,4
684,0,0,1,1,0,1,0,1,0,1,4
685,1,0,1,1,0,1,0,1,0,1,4
686,0,1,1,1,0,1,0,1,0,1,4
687,1,1,1,1,0,1,0,1,0,1,5
688,0,0,0,0,1,1,0,1,0,1,2
689,1,0,0,0,1,1,0,1,0,1,4
690,0,1,0,0,1,1,0,1,0,1,4
691,1,1,0,0,1,1,0,1,0,1,4
692,0,0,1,0,1,1,0,1,0,1,4
693,1,0,1,0,1,1,0,1,0,1,4
694,0,1,1,0,1,1,0,1,0,1,5
695,1,1,1,0,1,1,0,1,0,1,6
696,0,0,0,1,1,1,0,1,0,1,4
697,1,0,0,1,1,1,0,1,0,1,4
698,0,1,0,1,1,1,0,1,0,1,4
699,1,1,0,1,1,1,0,1,0,1,5
700,0,0,1,1,1,1,0,1,0,1,4
701,1,0,1,1,1,1,0,1,0,1,4
702,0,1,1,1,1,1,0,1,0,1,5
703,1,1,1,1,1,1,0,1,0,1,7
704,0,0,0,0,0,0,1,1,0,1,1
705,1,0,0,0,0,0,1,1,0,1,4
706,0,1,0,0,0,0,1,1,0,1,4
707,1,1,0,0,0,0,1,1,0,1,5
708,0,0,1,0,0,0,1,1,0,1,3
709,1,0,1,0,0,0,1,1,0,1,4
710,0,1,1,0,0,0,1,1,0,1,5
711,1,1,1,0,0,0,1,1,0,1,5
712,0,0,0,1,0,0,1,1,0,1,2
713,1,0,0,1,0,0,1,1,0,1,4
714,0,1,0,1,0,0,1,1,0,1,5
715,1,1,0,1,0,0,1,1,0,1,5
716,0,0,1,1,0,0,1,1,0,1,4
717,1,0,1,1,0,0,1,1,0,1,5
718,0,1,1,1,0,0,1,1,0,1,5
719,1,1,1,1,0,0,1,1,0,1,6
720,0,0,0,0,1,0,1,1,0,1,2
721,1,0,0,0,1,0,1,1,0,1,4
722,0,1,0,0,1,0,1,1,0,1,4
723,1,1,0,0,1,0,1,1,0,1,5
724,0,0,1,0,1,0,1,1,0,1,5
725,1,0,1,0,1,0,1,1,0,1,5
726,0,1,1,0,1,0,1,1,0,1,6
727,1,1,1,0,1,0,1,1,0,1,6
728,0,0,0,1,1,0,1,1,0,1,4
729,1,0,0,1,1,0,1,1,0,1,5
730,0,1,0,1,1,0,1,1,0,1,6
731,1,1,0,1,1,0,1,1,0,1,6
732,0,0,1,1,1,0,1,1,0,1,6
733,1,0,1,1,1,0,1,1,0,1,6
734,0,1,1,1,1,0,1,1,0,1,6
735,1,1,1,1,1,0,1,1,0,1,6
736,0,0,0,0,0,1,1,1,0,1,1
737,1,0,0,0,0,1,1,1,0,1,2
738,0,1,0,0,0,1,1,1,0,1,2
739,1,1,0,0,0,1,1,1,0,1,4
740,0,0,1,0,0,1,1,1,0,1,2
741,1,0,1,0,0,1,1,1,0,1,4
742,0,1,1,0,0,1,1,1,0,1,4
743,1,1,1,0,0,1,1,1,0,1,5
744,0,0,0,1,0,1,1,1,0,1,2
745,1,0,0,1,0,1,1,1,0,1,4
746,0,1,0,1,0,1,1,1,0,1,4
747,1,1,0,1,0,1,1,1,0,1,4
748,0,0,1,1,0,1,1,1,0,1,4
749,1,0,1,1,0,1,1,1,0,1,4
750,0,1,1,1,0,1,1,1,0,1,4
751,1,1,1,1,0,1,1,1,0,1,5
752,0,0,0,0,1,1,1,1,0,1,2
753,1,0,0,0,1,1,1,1,0,1,4
754,0,1,0,0,1,1,1,1,0,1,4
755,1,1,0,0,1,1,1,1,0,1,4
756,0,0,1,0,1,1,1,1,0,1,4
757,1,0,1,0,1,1,1,1,0,1,4
758,0,1,1,0,1,1,1,1,0,1,4
759,1,1,1,0,1,1,1,1,0,1,5
760,0,0,0,1,1,1,1,1,0,1,4
761,1,0,0,1,1,1,1,1,0,1,4
762,0,1,0,1,1,1,1,1,0,1,4
763,1,1,0,1,1,1,1,1,0,1,4
764,0,0,1,1,1,1,1,1,0,1,4
765,1,0,1,1,1,1,1,1,0,1,4
766,0,1,1,1,1,1,1,1,0,1,5
767,1,1,1,1,1,1,1,1,0,1,5
768,0,0,0,0,0,0,0,0,1,1,1
769,1,0,0,0,0,0,0,0,1,1,4
770,0,1,0,0,0,0,0,0,1,1,4
771,1,1,0,0,0,0,0,0,1,1,5
772,0,0,1,0,0,0,0,0,1,1,4
773,1,0,1,0,0,0,0,0,1,1,5
774,0,1,1,0,0,0,0,0,1,1,6
775,1,1,1,0,0,0,0,0,1,1,6
776,0,0,0,1,0,0,0,0,1,1,4
777,1,0,0,1,0,0,0,0,1,1,5
778,0,1,0,1,0,0,0,0,1,1,5
779,1,1,0,1,0,0,0,0,1,1,6
780,0,0,1,1,0,0,0,0,1,1,5
781,1,0,1,1,0,0,0,0,1,1,6
782,0,1,1,1,0,0,0,0,1,1,6
783,1,1,1,1,0,0,0,0,1,1,6
784,0,0,0,0,1,0,0,0,1,1,3
785,1,0,0,0,1,0,0,0,1,1,5
786,0,1,0,0,1,0,0,0,1,1,6
787,1,1,0,0,1,0,0,0,1,1,6
788,0,0,1,0,1,0,0,0,1,1,5
789,1,0,1,0,1,0,0,0,1,1,6
790,0,1,1,0,1,0,0,0,1,1,6
791,1,1,1,0,1,0,0,0,1,1,6
792,0,0,0,1,1,0,0,0,1,1,5
793,1,0,0,1,1,0,0,0,1,1,6
794,0,1,0,1,1,0,0,0,1,1,6
795,1,1,0,1,1,0,0,0,1,1,6
796,0,0,1,1,1,0,0,0,1,1,6
797,1,0,1,1,1,0,0,0,1,1,6
798,0,1,1,1,1,0,0,0,1,1,6
799,1,1,1,1,1,0,0,0,1,1,6
800,0,0,0,0,0,1,0,0,1,1,1
801,1,0,0,0,0,1,0,0,1,1,2
802,0,1,0,0,0,1,0,0,1,1,3
803,1,1,0,0,0,1,0,0,1,1,4
804,0,0,1,0,0,1,0,0,1,1,3
805,1,0,1,0,0,1,0,0,1,1,4
806,0,1,1,0,0,1,0,0,1,1,4
807,1,1,1,0,0,1,0,0,1,1,4
808,0,0,0,1,0,1,0,0,1,1,2
809,1,0,0,1,0,1,0,0,1,1,4
810,0,1,0,1,0,1,0,0,1,1,4
811,1,1,0,1,0,1,0,0,1,1,4
812,0,0,1,1,0,1,0,0,1,1,4
813,1,0,1,1,0,1,0,0,1,1,4
814,0,1,1,1,0,1,0,0,1,1,4
815,1,1,1,1,0,1,0,0,1,1,5
816,0,0,0,0,1,1,0,0,1,1,2
817,1,0,0,0,1,1,0,0,1,1,4
818,0,1,0,0,1,1,0,0,1,1,4
819,1,1,0,0,1,1,0,0,1,1,5
820,0,0,1,0,1,1,0,0,1,1,4
821,1,0,1,0,1,1,0,0,1,1,4
822,0,1,1,0,1,1,0,0,1,1,5
823,1,1,1,0,1,1,0,0,1,1,6
824,0,0,0,1,1,1,0,0,1,1,4
825,1,0,0,1,1,1,0,0,1,1,4
826,0,1,0,1,1,1,0,0,1,1,4
827,1,1,0,1,1,1,0,0,1,1,5
828,0,0,1,1,1,1,0,0,1,1,4
829,1,0,1,1,1,1,0,0,1,1,5
830,0,1,1,1,1,1,0,0,1,1,5
831,1,1,1,1,1,1,0,0,1,1,6
832,0,0,0,0,0,0,1,0,1,1,1
833,1,0,0,0,0,0,1,0,1,1,4
834,0,1,0,0,0,0,1,0,1,1,4
835,1,1,0,0,0,0,1,0,1,1,5
836,0,0,1,0,0,0,1,0,1,1,4
837,1,0,1,0,0,0,1,0,1,1,4
838,0,1,1,0,0,0,1,0,1,1,4
839,1,1,1,0,0,0,1,0,1,1,6
840,0,0,0,1,0,0,1,0,1,1,2
841,1,0,0,1,0,0,1,0,1,1,4
842,0,1,0,1,0,0,1,0,1,1,4
843,1,1,0,1,0,0,1,0,1,1,5
844,0,0,1,1,0,0,1,0,1,1,4
845,1,0,1,1,0,0,1,0,1,1,5
846,0,1,1,1,0,0,1,0,1,1,6
847,1,1,1,1,0,0,1,0,1,1,6
848,0,0,0,0,1,0,1,0,1,1,2
849,1,0,0,0,1,0,1,0,1,1,4
850,0,1,0,0,1,0,1,0,1,1,5
851,1,1,0,0,1,0,1,0,1,1,5
852,0,0,1,0,1,0,1,0,1,1,5
853,1,0,1,0,1,0,1,0,1,1,6
854,0,1,1,0,1,0,1,0,1,1,6
855,1,1,1,0,1,0,1,0,1,1,6
856,0,0,0,1,1,0,1,0,1,1,4
857,1,0,0,1,1,0,1,0,1,1,5
858,0,1,0,1,1,0,1,0,1,1,5
859,1,1,0,1,1,0,1,0,1,1,6
860,0,0,1,1,1,0,1,0,1,1,6
861,1,0,1,1,1,0,1,0,1,1,6
862,0,1,1,1,1,0,1,0,1,1,7
863,1,1,1,1,1,0,1,0,1,1,6
864,0,0,0,0,0,1,1,0,1,1,1
865,1,0,0,0,0,1,1,0,1,1,2
866,0,1,0,0,0,1,1,0,1,1,2
867,1,1,0,0,0,1,1,0,1,1,4
868,0,0,1,0,0,1,1,0,1,1,2
869,1,0,1,0,0,1,1,0,1,1,4
870,0,1,1,0,0,1,1,0,1,1,4
871,1,1,1,0,0,1,1,0,1,1,4
872,0,0,0,1,0,1,1,0,1,1,2
873,1,0,0,1,0,1,1,0,1,1,4
874,0,1,0,1,0,1,1,0,1,1,4
875,1,1,0,1,0,1,1,0,1,1,4
876,0,0,1,1,0,1,1,0,1,1,4
877,1,0,1,1,0,1,1,0,1,1,4
878,0,1,1,1,0,1,1,0,1,1,4
879,1,1,1,1,0,1,1,0,1,1,4
880,0,0,0,0,1,1,1,0,1,1,2
881,1,0,0,0,1,1,1,0,1,1,4
882,0,1,0,0,1,1,1,0,1,1,4
883,1,1,0,0,1,1,1,0,1,1,4
884,0,0,1,0,1,1,1,0,1,1,4
885,1,0,1,0,1,1,1,0,1,1,4
886,0,1,1,0,1,1,1,0,1,1,5
887,1,1,1,0,1,1,1,0,1,1,6
888,0,0,0,1,1,1,1,0,1,1,4
889,1,0,0,1,1,1,1,0,1,1,4
890,0,1,0,1,1,1,1,0,1,1,4
891,1,1,0,1,1,1,1,0,1,1,4
892,0,0,1,1,1,1,1,0,1,1,4
893,1,0,1,1,1,1,1,0,1,1,4
894,0,1,1,1,1,1,1,0,1,1,5
895,1,1,1,1,1,1,1,0,1,1,6
896,0,0,0,0,0,0,0,1,1,1,1
897,1,0,0,0,0,0,0,1,1,1,3
898,0,1,0,0,0,0,0,1,1,1,3
899,1,1,0,0,0,0,0,1,1,1,4
900,0,0,1,0,0,0,0,1,1,1,4
901,1,0,1,0,0,0,0,1,1,1,5
902,0,1,1,0,0,0,0,1,1,1,4
903,1,1,1,0,0,0,0,1,1,1,6
904,0,0,0,1,0,0,0,1,1,1,2
905,1,0,0,1,0,0,0,1,1,1,4
906,0,1,0,1,0,0,0,1,1,1,4
907,1,1,0,1,0,0,0,1,1,1,5
908,0,0,1,1,0,0,0,1,1,1,4
909,1,0,1,1,0,0,0,1,1,1,5
910,0,1,1,1,0,0,0,1,1,1,6
911,1,1,1,1,0,0,0,1,1,1,6
912,0,0,0,0,1,0,0,1,1,1,3
913,1,0,0,0,1,0,0,1,1,1,5
914,0,1,0,0,1,0,0,1,1,1,5
915,1,1,0,0,1,0,0,1,1,1,4
916,0,0,1,0,1,0,0,1,1,1,4
917,1,0,1,0,1,0,0,1,1,1,5
918,0,1,1,0,1,0,0,1,1,1,5
919,1,1,1,0,1,0,0,1,1,1,6
920,0,0,0,1,1,0,0,1,1,1,4
921,1,0,0,1,1,0,0,1,1,1,5
922,0,1,0,1,1,0,0,1,1,1,5
923,1,1,0,1,1,0,0,1,1,1,6
924,0,0,1,1,1,0,0,1,1,1,5
925,1,0,1,1,1,0,0,1,1,1,6
926,0,1,1,1,1,0,0,1,1,1,6
927,1,1,1,1,1,0,0,1,1,1,6
928,0,0,0,0,0,1,0,1,1,1,1
929,1,0,0,0,0,1,0,1,1,1,2
930,0,1,0,0,0,1,0,1,1,1,2
931,1,1,0,0,0,1,0,1,1,1,4
932,0,0,1,0,0,1,0,1,1,1,2
933,1,0,1,0,0,1,0,1,1,1,4
934,0,1,1,0,0,1,0,1,1,1,4
935,1,1,1,0,0,1,0,1,1,1,4
936,0,0,0,1,0,1,0,1,1,1,2
937,1,0,0,1,0,1,0,1,1,1,4
938,0,1,0,1,0,1,0,1,1,1,4
939,1,1,0,1,0,1,0,1,1,1,4
940,0,0,1,1,0,1,0,1,1,1,4
941,1,0,1,1,0,1,0,1,1,1,4
942,0,1,1,1,0,1,0,1,1,1,4
943,1,1,1,1,0,1,0,1,1,1,4
944,0,0,0,0,1,1,0,1,1,1,2
945,1,0,0,0,1,1,0,1,1,1,4
946,0,1,0,0,1,1,0,1,1,1,4
947,1,1,0,0,1,1,0,1,1,1,4
948,0,0,1,0,1,1,0,1,1,1,4
949,1,0,1,0,1,1,0,1,1,1,4
950,0,1,1,0,1,1,0,1,1,1,4
951,1,1,1,0,1,1,0,1,1,1,5
952,0,0,0,1,1,1,0,1,1,1,4
953,1,0,0,1,1,1,0,1,1,1,4
954,0,1,0,1,1,1,0,1,1,1,4
955,1,1,0,1,1,1,0,1,1,1,4
956,0,0,1,1,1,1,0,1,1,1,4
957,1,0,1,1,1,1,0,1,1,1,5
958,0,1,1,1,1,1,0,1,1,1,5
959,1,1,1,1,1,1,0,1,1,1,5
960,0,0,0,0,0,0,1,1,1,1,1
961,1,0,0,0,0,0,1,1,1,1,2
962,0,1,0,0,0,0,1,1,1,1,2
963,1,1,0,0,0,0,1,1,1,1,4
964,0,0,1,0,0,0,1,1,1,1,2
965,1,0,1,0,0,0,1,1,1,1,4
966,0,1,1,0,0,0,1,1,1,1,4
967,1,1,1,0,0,0,1,1,1,1,6
968,0,0,0,1,0,0,1,1,1,1,2
969,1,0,0,1,0,0,1,1,1,1,4
970,0,1,0,1,0,0,1,1,1,1,4
971,1,1,0,1,0,0,1,1,1,1,5
972,0,0,1,1,0,0,1,1,1,1,4
973,1,0,1,1,0,0,1,1,1,1,5
974,0,1,1,1,0,0,1,1,1,1,5
975,1,1,1,1,0,0,1,1,1,1,6
976,0,0,0,0,1,0,1,1,1,1,2
977,1,0,0,0,1,0,1,1,1,1,4
978,0,1,0,0,1,0,1,1,1,1,4
979,1,1,0,0,1,0,1,1,1,1,5
980,0,0,1,0,1,0,1,1,1,1,4
981,1,0,1,0,1,0,1,1,1,1,5
982,0,1,1,0,1,0,1,1,1,1,5
983,1,1,1,0,1,0,1,1,1,1,6
984,0,0,0,1,1,0,1,1,1,1,4
985,1,0,0,1,1,0,1,1,1,1,5
986,0,1,0,1,1,0,1,1,1,1,5
987,1,1,0,1,1,0,1,1,1,1,6
988,0,0,1,1,1,0,1,1,1,1,5
989,1,0,1,1,1,0,1,1,1,1,6
990,0,1,1,1,1,0,1,1,1,1,6
991,1,1,1,1,1,0,1,1,1,1,6
992,0,0,0,0,0,1,1,1,1,1,1
993,1,0,0,0,0,1,1,1,1,1,2
994,0,1,0,0,0,1,1,1,1,1,1
995,1,1,0,0,0,1,1,1,1,1,4
996,0,0,1,0,0,1,1,1,1,1,2
997,1,0,1,0,0,1,1,1,1,1,4
998,0,1,1,0,0,1,1,1,1,1,4
999,1,1,1,0,0,1,1,1,1,1,4
1000,0,0,0,1,0,1,1,1,1,1,2
1001,1,0,0,1,0,1,1,1,1,1,4
1002,0,1,0,1,0,1,1,1,1,1,4
1003,1,1,0,1,0,1,1,1,1,1,4
1004,0,0,1,1,0,1,1,1,1,1,4
1005,1,0,1,1,0,1,1,1,1,1,4
1006,0,1,1,1,0,1,1,1,1,1,4
1007,1,1,1,1,0,1,1,1,1,1,5
1008,0,0,0,0,1,1,1,1,1,1,2
1009,1,0,0,0,1,1,1,1,1,1,4
1010,0,1,0,0,1,1,1,1,1,1,4
1011,1,1,0,0,1,1,1,1,1,1,4
1012,0,0,1,0,1,1,1,1,1,1,4
1013,1,0,1,0,1,1,1,1,1,1,4
1014,0,1,1,0,1,1,1,1,1,1,4
1015,1,1,1,0,1,1,1,1,1,1,5
1016,0,0,0,1,1,1,1,1,1,1,4
1017,1,0,0,1,1,1,1,1,1,1,4
1018,0,1,0,1,1,1,1,1,1,1,4
1019,1,1,0,1,1,1,1,1,1,1,4
1020,0,0,1,1,1,1,1,1,1,1,4
1021,1,0,1,1,1,1,1,1,1,1,4
1022,0,1,1,1,1,1,1,1,1,1,5
1023,1,1,1,1,1,1,1,1,1,1,6
