table,key,side,trial,opinion
T4,"((0, 1, 2, 3), (5, 6, 7, 8))",pc,0,4
T4,"((0, 1, 2, 3), (5, 6, 7, 8))",pc,1,4
T4,"((0, 1, 2, 3), (5, 6, 7, 8))",pc,2,4
T4,"((0, 1, 2, 3), (5, 6, 7, 8))",pc,3,4
T4,"((0, 1, 2, 3), (5, 6, 7, 8))",pc,4,4
T4,"((0, 1, 2, 3), (5, 6, 7, 8))",pc,5,4
T4,"((0, 1, 2, 3), (5, 6, 7, 8))",pc,6,4
T4,"((0, 1, 2, 3), (5, 6, 7, 8))",pc,7,4
T4,"((0, 1, 2, 3), (5, 6, 7, 8))",pc,8,4
T4,"((0, 1, 2, 3), (5, 6, 7, 8))",pc,9,4
T4,"((0, 1, 2, 3), (5, 6, 7, 8))",pc,10,4
T4,"((0, 1, 2, 3), (5, 6, 7, 8))",pc,11,4
T4,"((0, 1, 2, 3), (5, 6, 7, 8))",pc,12,4
T4,"((0, 1, 2, 3), (5, 6, 7, 8))",pc,13,4
T4,"((0, 1, 2, 3), (5, 6, 7, 8))",pc,14,4
T4,"((0, 1, 2, 3), (5, 6, 7, 8))",pc,15,4
T4,"((0, 1, 2, 3), (5, 6, 7, 8))",pc,16,4
T4,"((0, 1, 2, 3), (5, 6, 7, 8))",pc,17,4
T4,"((0, 1, 2, 3), (5, 6, 7, 8))",pc,18,4
T4,"((0, 1, 2, 3), (5, 6, 7, 8))",pc,19,4
T4,"((0, 1, 2, 3), (5, 6, 7, 8))",pc,20,4
T4,"((0, 1, 2, 3), (5, 6, 7, 8))",pc,21,4
T4,"((0, 1, 2, 3), (5, 6, 7, 8))",pc,22,4
T4,"((0, 1, 2, 3), (5, 6, 7, 8))",pc,23,4
T4,"((0, 1, 2, 3), (5, 6, 7, 8))",pc,24,4
T4,"((0, 1, 2, 3), (5, 6, 7, 8))",pc,25,4
T4,"((0, 1, 2, 3), (5, 6, 7, 8))",pc,26,4
T4,"((0, 1, 2, 3), (5, 6, 7, 8))",pc,27,4
T4,"((0, 1, 2, 3), (5, 6, 7, 8))",pc,28,4
T4,"((0, 1, 2, 3), (5, 6, 7, 8))",pc,29,4
T4,"((0, 1, 2, 3), (5, 6, 7, 9))",pc,0,4
T4,"((0, 1, 2, 3), (5, 6, 7, 9))",pc,1,4
T4,"((0, 1, 2, 3), (5, 6, 7, 9))",pc,2,4
T4,"((0, 1, 2, 3), (5, 6, 7, 9))",pc,3,4
T4,"((0, 1, 2, 3), (5, 6, 7, 9))",pc,4,4
T4,"((0, 1, 2, 3), (5, 6, 7, 9))",pc,5,4
T4,"((0, 1, 2, 3), (5, 6, 7, 9))",pc,6,4
T4,"((0, 1, 2, 3), (5, 6, 7, 9))",pc,7,4
T4,"((0, 1, 2, 3), (5, 6, 7, 9))",pc,8,4
T4,"((0, 1, 2, 3), (5, 6, 7, 9))",pc,9,4
T4,"((0, 1, 2, 3), (5, 6, 7, 9))",pc,10,4
T4,"((0, 1, 2, 3), (5, 6, 7, 9))",pc,11,4
T4,"((0, 1, 2, 3), (5, 6, 7, 9))",pc,12,4
T4,"((0, 1, 2, 3), (5, 6, 7, 9))",pc,13,4
T4,"((0, 1, 2, 3), (5, 6, 7, 9))",pc,14,4
T4,"((0, 1, 2, 3), (5, 6, 7, 9))",pc,15,4
T4,"((0, 1, 2, 3), (5, 6, 7, 9))",pc,16,4
T4,"((0, 1, 2, 3), (5, 6, 7, 9))",pc,17,4
T4,"((0, 1, 2, 3), (5, 6, 7, 9))",pc,18,4
T4,"((0, 1, 2, 3), (5, 6, 7, 9))",pc,19,4
T4,"((0, 1, 2, 3), (5, 6, 7, 9))",pc,20,4
T4,"((0, 1, 2, 3), (5, 6, 7, 9))",pc,21,4
T4,"((0, 1, 2, 3), (5, 6, 7, 9))",pc,22,4
T4,"((0, 1, 2, 3), (5, 6, 7, 9))",pc,23,4
T4,"((0, 1, 2, 3), (5, 6, 7, 9))",pc,24,4
T4,"((0, 1, 2, 3), (5, 6, 7, 9))",pc,25,4
T4,"((0, 1, 2, 3), (5, 6, 7, 9))",pc,26,4
T4,"((0, 1, 2, 3), (5, 6, 7, 9))",pc,27,4
T4,"((0, 1, 2, 3), (5, 6, 7, 9))",pc,28,4
T4,"((0, 1, 2, 3), (5, 6, 7, 9))",pc,29,4
T4,"((0, 1, 2, 3), (5, 6, 8, 9))",pc,0,4
T4,"((0, 1, 2, 3), (5, 6, 8, 9))",pc,1,4
T4,"((0, 1, 2, 3), (5, 6, 8, 9))",pc,2,4
T4,"((0, 1, 2, 3), (5, 6, 8, 9))",pc,3,4
T4,"((0, 1, 2, 3), (5, 6, 8, 9))",pc,4,4
T4,"((0, 1, 2, 3), (5, 6, 8, 9))",pc,5,4
T4,"((0, 1, 2, 3), (5, 6, 8, 9))",pc,6,4
T4,"((0, 1, 2, 3), (5, 6, 8, 9))",pc,7,4
T4,"((0, 1, 2, 3), (5, 6, 8, 9))",pc,8,4
T4,"((0, 1, 2, 3), (5, 6, 8, 9))",pc,9,4
T4,"((0, 1, 2, 3), (5, 6, 8, 9))",pc,10,4
T4,"((0, 1, 2, 3), (5, 6, 8, 9))",pc,11,4
T4,"((0, 1, 2, 3), (5, 6, 8, 9))",pc,12,4
T4,"((0, 1, 2, 3), (5, 6, 8, 9))",pc,13,4
T4,"((0, 1, 2, 3), (5, 6, 8, 9))",pc,14,4
T4,"((0, 1, 2, 3), (5, 6, 8, 9))",pc,15,4
T4,"((0, 1, 2, 3), (5, 6, 8, 9))",pc,16,4
T4,"((0, 1, 2, 3), (5, 6, 8, 9))",pc,17,4
T4,"((0, 1, 2, 3), (5, 6, 8, 9))",pc,18,4
T4,"((0, 1, 2, 3), (5, 6, 8, 9))",pc,19,4
T4,"((0, 1, 2, 3), (5, 6, 8, 9))",pc,20,4
T4,"((0, 1, 2, 3), (5, 6, 8, 9))",pc,21,4
T4,"((0, 1, 2, 3), (5, 6, 8, 9))",pc,22,4
T4,"((0, 1, 2, 3), (5, 6, 8, 9))",pc,23,4
T4,"((0, 1, 2, 3), (5, 6, 8, 9))",pc,24,4
T4,"((0, 1, 2, 3), (5, 6, 8, 9))",pc,25,4
T4,"((0, 1, 2, 3), (5, 6, 8, 9))",pc,26,4
T4,"((0, 1, 2, 3), (5, 6, 8, 9))",pc,27,4
T4,"((0, 1, 2, 3), (5, 6, 8, 9))",pc,28,5
T4,"((0, 1, 2, 3), (5, 6, 8, 9))",pc,29,4
T4,"((0, 1, 2, 3), (5, 7, 8, 9))",pc,0,4
T4,"((0, 1, 2, 3), (5, 7, 8, 9))",pc,1,4
T4,"((0, 1, 2, 3), (5, 7, 8, 9))",pc,2,5
T4,"((0, 1, 2, 3), (5, 7, 8, 9))",pc,3,4
T4,"((0, 1, 2, 3), (5, 7, 8, 9))",pc,4,4
T4,"((0, 1, 2, 3), (5, 7, 8, 9))",pc,5,5
T4,"((0, 1, 2, 3), (5, 7, 8, 9))",pc,6,4
T4,"((0, 1, 2, 3), (5, 7, 8, 9))",pc,7,4
T4,"((0, 1, 2, 3), (5, 7, 8, 9))",pc,8,4
T4,"((0, 1, 2, 3), (5, 7, 8, 9))",pc,9,4
T4,"((0, 1, 2, 3), (5, 7, 8, 9))",pc,10,4
T4,"((0, 1, 2, 3), (5, 7, 8, 9))",pc,11,4
T4,"((0, 1, 2, 3), (5, 7, 8, 9))",pc,12,4
T4,"((0, 1, 2, 3), (5, 7, 8, 9))",pc,13,4
T4,"((0, 1, 2, 3), (5, 7, 8, 9))",pc,14,4
T4,"((0, 1, 2, 3), (5, 7, 8, 9))",pc,15,4
T4,"((0, 1, 2, 3), (5, 7, 8, 9))",pc,16,4
T4,"((0, 1, 2, 3), (5, 7, 8, 9))",pc,17,4
T4,"((0, 1, 2, 3), (5, 7, 8, 9))",pc,18,4
T4,"((0, 1, 2, 3), (5, 7, 8, 9))",pc,19,4
T4,"((0, 1, 2, 3), (5, 7, 8, 9))",pc,20,4
T4,"((0, 1, 2, 3), (5, 7, 8, 9))",pc,21,4
T4,"((0, 1, 2, 3), (5, 7, 8, 9))",pc,22,4
T4,"((0, 1, 2, 3), (5, 7, 8, 9))",pc,23,4
T4,"((0, 1, 2, 3), (5, 7, 8, 9))",pc,24,4
T4,"((0, 1, 2, 3), (5, 7, 8, 9))",pc,25,4
T4,"((0, 1, 2, 3), (5, 7, 8, 9))",pc,26,4
T4,"((0, 1, 2, 3), (5, 7, 8, 9))",pc,27,4
T4,"((0, 1, 2, 3), (5, 7, 8, 9))",pc,28,4
T4,"((0, 1, 2, 3), (5, 7, 8, 9))",pc,29,4
T4,"((0, 1, 2, 3), (6, 7, 8, 9))",pc,0,5
T4,"((0, 1, 2, 3), (6, 7, 8, 9))",pc,1,5
T4,"((0, 1, 2, 3), (6, 7, 8, 9))",pc,2,5
T4,"((0, 1, 2, 3), (6, 7, 8, 9))",pc,3,5
T4,"((0, 1, 2, 3), (6, 7, 8, 9))",pc,4,5
T4,"((0, 1, 2, 3), (6, 7, 8, 9))",pc,5,5
T4,"((0, 1, 2, 3), (6, 7, 8, 9))",pc,6,5
T4,"((0, 1, 2, 3), (6, 7, 8, 9))",pc,7,5
T4,"((0, 1, 2, 3), (6, 7, 8, 9))",pc,8,5
T4,"((0, 1, 2, 3), (6, 7, 8, 9))",pc,9,6
T4,"((0, 1, 2, 3), (6, 7, 8, 9))",pc,10,5
T4,"((0, 1, 2, 3), (6, 7, 8, 9))",pc,11,5
T4,"((0, 1, 2, 3), (6, 7, 8, 9))",pc,12,5
T4,"((0, 1, 2, 3), (6, 7, 8, 9))",pc,13,5
T4,"((0, 1, 2, 3), (6, 7, 8, 9))",pc,14,5
T4,"((0, 1, 2, 3), (6, 7, 8, 9))",pc,15,6
T4,"((0, 1, 2, 3), (6, 7, 8, 9))",pc,16,6
T4,"((0, 1, 2, 3), (6, 7, 8, 9))",pc,17,5
T4,"((0, 1, 2, 3), (6, 7, 8, 9))",pc,18,5
T4,"((0, 1, 2, 3), (6, 7, 8, 9))",pc,19,6
T4,"((0, 1, 2, 3), (6, 7, 8, 9))",pc,20,5
T4,"((0, 1, 2, 3), (6, 7, 8, 9))",pc,21,5
T4,"((0, 1, 2, 3), (6, 7, 8, 9))",pc,22,5
T4,"((0, 1, 2, 3), (6, 7, 8, 9))",pc,23,5
T4,"((0, 1, 2, 3), (6, 7, 8, 9))",pc,24,6
T4,"((0, 1, 2, 3), (6, 7, 8, 9))",pc,25,5
T4,"((0, 1, 2, 3), (6, 7, 8, 9))",pc,26,5
T4,"((0, 1, 2, 3), (6, 7, 8, 9))",pc,27,5
T4,"((0, 1, 2, 3), (6, 7, 8, 9))",pc,28,5
T4,"((0, 1, 2, 3), (6, 7, 8, 9))",pc,29,5
T4,"((0, 1, 2, 4), (5, 6, 7, 8))",pc,0,4
T4,"((0, 1, 2, 4), (5, 6, 7, 8))",pc,1,4
T4,"((0, 1, 2, 4), (5, 6, 7, 8))",pc,2,4
T4,"((0, 1, 2, 4), (5, 6, 7, 8))",pc,3,4
T4,"((0, 1, 2, 4), (5, 6, 7, 8))",pc,4,4
T4,"((0, 1, 2, 4), (5, 6, 7, 8))",pc,5,4
T4,"((0, 1, 2, 4), (5, 6, 7, 8))",pc,6,4
T4,"((0, 1, 2, 4), (5, 6, 7, 8))",pc,7,4
T4,"((0, 1, 2, 4), (5, 6, 7, 8))",pc,8,4
T4,"((0, 1, 2, 4), (5, 6, 7, 8))",pc,9,4
T4,"((0, 1, 2, 4), (5, 6, 7, 8))",pc,10,4
T4,"((0, 1, 2, 4), (5, 6, 7, 8))",pc,11,4
T4,"((0, 1, 2, 4), (5, 6, 7, 8))",pc,12,4
T4,"((0, 1, 2, 4), (5, 6, 7, 8))",pc,13,4
T4,"((0, 1, 2, 4), (5, 6, 7, 8))",pc,14,4
T4,"((0, 1, 2, 4), (5, 6, 7, 8))",pc,15,4
T4,"((0, 1, 2, 4), (5, 6, 7, 8))",pc,16,4
T4,"((0, 1, 2, 4), (5, 6, 7, 8))",pc,17,4
T4,"((0, 1, 2, 4), (5, 6, 7, 8))",pc,18,4
T4,"((0, 1, 2, 4), (5, 6, 7, 8))",pc,19,4
T4,"((0, 1, 2, 4), (5, 6, 7, 8))",pc,20,4
T4,"((0, 1, 2, 4), (5, 6, 7, 8))",pc,21,4
T4,"((0, 1, 2, 4), (5, 6, 7, 8))",pc,22,4
T4,"((0, 1, 2, 4), (5, 6, 7, 8))",pc,23,4
T4,"((0, 1, 2, 4), (5, 6, 7, 8))",pc,24,4
T4,"((0, 1, 2, 4), (5, 6, 7, 8))",pc,25,4
T4,"((0, 1, 2, 4), (5, 6, 7, 8))",pc,26,4
T4,"((0, 1, 2, 4), (5, 6, 7, 8))",pc,27,4
T4,"((0, 1, 2, 4), (5, 6, 7, 8))",pc,28,4
T4,"((0, 1, 2, 4), (5, 6, 7, 8))",pc,29,4
T4,"((0, 1, 2, 4), (5, 6, 7, 9))",pc,0,4
T4,"((0, 1, 2, 4), (5, 6, 7, 9))",pc,1,4
T4,"((0, 1, 2, 4), (5, 6, 7, 9))",pc,2,5
T4,"((0, 1, 2, 4), (5, 6, 7, 9))",pc,3,4
T4,"((0, 1, 2, 4), (5, 6, 7, 9))",pc,4,4
T4,"((0, 1, 2, 4), (5, 6, 7, 9))",pc,5,4
T4,"((0, 1, 2, 4), (5, 6, 7, 9))",pc,6,5
T4,"((0, 1, 2, 4), (5, 6, 7, 9))",pc,7,4
T4,"((0, 1, 2, 4), (5, 6, 7, 9))",pc,8,5
T4,"((0, 1, 2, 4), (5, 6, 7, 9))",pc,9,4
T4,"((0, 1, 2, 4), (5, 6, 7, 9))",pc,10,4
T4,"((0, 1, 2, 4), (5, 6, 7, 9))",pc,11,4
T4,"((0, 1, 2, 4), (5, 6, 7, 9))",pc,12,4
T4,"((0, 1, 2, 4), (5, 6, 7, 9))",pc,13,4
T4,"((0, 1, 2, 4), (5, 6, 7, 9))",pc,14,4
T4,"((0, 1, 2, 4), (5, 6, 7, 9))",pc,15,4
T4,"((0, 1, 2, 4), (5, 6, 7, 9))",pc,16,4
T4,"((0, 1, 2, 4), (5, 6, 7, 9))",pc,17,4
T4,"((0, 1, 2, 4), (5, 6, 7, 9))",pc,18,4
T4,"((0, 1, 2, 4), (5, 6, 7, 9))",pc,19,4
T4,"((0, 1, 2, 4), (5, 6, 7, 9))",pc,20,4
T4,"((0, 1, 2, 4), (5, 6, 7, 9))",pc,21,4
T4,"((0, 1, 2, 4), (5, 6, 7, 9))",pc,22,4
T4,"((0, 1, 2, 4), (5, 6, 7, 9))",pc,23,4
T4,"((0, 1, 2, 4), (5, 6, 7, 9))",pc,24,4
T4,"((0, 1, 2, 4), (5, 6, 7, 9))",pc,25,5
T4,"((0, 1, 2, 4), (5, 6, 7, 9))",pc,26,4
T4,"((0, 1, 2, 4), (5, 6, 7, 9))",pc,27,4
T4,"((0, 1, 2, 4), (5, 6, 7, 9))",pc,28,4
T4,"((0, 1, 2, 4), (5, 6, 7, 9))",pc,29,4
T4,"((0, 1, 2, 4), (5, 6, 8, 9))",pc,0,5
T4,"((0, 1, 2, 4), (5, 6, 8, 9))",pc,1,4
T4,"((0, 1, 2, 4), (5, 6, 8, 9))",pc,2,5
T4,"((0, 1, 2, 4), (5, 6, 8, 9))",pc,3,5
T4,"((0, 1, 2, 4), (5, 6, 8, 9))",pc,4,4
T4,"((0, 1, 2, 4), (5, 6, 8, 9))",pc,5,5
T4,"((0, 1, 2, 4), (5, 6, 8, 9))",pc,6,4
T4,"((0, 1, 2, 4), (5, 6, 8, 9))",pc,7,5
T4,"((0, 1, 2, 4), (5, 6, 8, 9))",pc,8,4
T4,"((0, 1, 2, 4), (5, 6, 8, 9))",pc,9,4
T4,"((0, 1, 2, 4), (5, 6, 8, 9))",pc,10,5
T4,"((0, 1, 2, 4), (5, 6, 8, 9))",pc,11,5
T4,"((0, 1, 2, 4), (5, 6, 8, 9))",pc,12,5
T4,"((0, 1, 2, 4), (5, 6, 8, 9))",pc,13,5
T4,"((0, 1, 2, 4), (5, 6, 8, 9))",pc,14,5
T4,"((0, 1, 2, 4), (5, 6, 8, 9))",pc,15,4
T4,"((0, 1, 2, 4), (5, 6, 8, 9))",pc,16,5
T4,"((0, 1, 2, 4), (5, 6, 8, 9))",pc,17,4
T4,"((0, 1, 2, 4), (5, 6, 8, 9))",pc,18,5
T4,"((0, 1, 2, 4), (5, 6, 8, 9))",pc,19,5
T4,"((0, 1, 2, 4), (5, 6, 8, 9))",pc,20,5
T4,"((0, 1, 2, 4), (5, 6, 8, 9))",pc,21,4
T4,"((0, 1, 2, 4), (5, 6, 8, 9))",pc,22,5
T4,"((0, 1, 2, 4), (5, 6, 8, 9))",pc,23,5
T4,"((0, 1, 2, 4), (5, 6, 8, 9))",pc,24,5
T4,"((0, 1, 2, 4), (5, 6, 8, 9))",pc,25,5
T4,"((0, 1, 2, 4), (5, 6, 8, 9))",pc,26,5
T4,"((0, 1, 2, 4), (5, 6, 8, 9))",pc,27,5
T4,"((0, 1, 2, 4), (5, 6, 8, 9))",pc,28,5
T4,"((0, 1, 2, 4), (5, 6, 8, 9))",pc,29,4
T4,"((0, 1, 2, 4), (5, 7, 8, 9))",pc,0,5
T4,"((0, 1, 2, 4), (5, 7, 8, 9))",pc,1,5
T4,"((0, 1, 2, 4), (5, 7, 8, 9))",pc,2,5
T4,"((0, 1, 2, 4), (5, 7, 8, 9))",pc,3,5
T4,"((0, 1, 2, 4), (5, 7, 8, 9))",pc,4,5
T4,"((0, 1, 2, 4), (5, 7, 8, 9))",pc,5,5
T4,"((0, 1, 2, 4), (5, 7, 8, 9))",pc,6,4
T4,"((0, 1, 2, 4), (5, 7, 8, 9))",pc,7,4
T4,"((0, 1, 2, 4), (5, 7, 8, 9))",pc,8,5
T4,"((0, 1, 2, 4), (5, 7, 8, 9))",pc,9,4
T4,"((0, 1, 2, 4), (5, 7, 8, 9))",pc,10,4
T4,"((0, 1, 2, 4), (5, 7, 8, 9))",pc,11,4
T4,"((0, 1, 2, 4), (5, 7, 8, 9))",pc,12,5
T4,"((0, 1, 2, 4), (5, 7, 8, 9))",pc,13,4
T4,"((0, 1, 2, 4), (5, 7, 8, 9))",pc,14,5
T4,"((0, 1, 2, 4), (5, 7, 8, 9))",pc,15,5
T4,"((0, 1, 2, 4), (5, 7, 8, 9))",pc,16,4
T4,"((0, 1, 2, 4), (5, 7, 8, 9))",pc,17,4
T4,"((0, 1, 2, 4), (5, 7, 8, 9))",pc,18,4
T4,"((0, 1, 2, 4), (5, 7, 8, 9))",pc,19,4
T4,"((0, 1, 2, 4), (5, 7, 8, 9))",pc,20,4
T4,"((0, 1, 2, 4), (5, 7, 8, 9))",pc,21,4
T4,"((0, 1, 2, 4), (5, 7, 8, 9))",pc,22,4
T4,"((0, 1, 2, 4), (5, 7, 8, 9))",pc,23,4
T4,"((0, 1, 2, 4), (5, 7, 8, 9))",pc,24,4
T4,"((0, 1, 2, 4), (5, 7, 8, 9))",pc,25,4
T4,"((0, 1, 2, 4), (5, 7, 8, 9))",pc,26,4
T4,"((0, 1, 2, 4), (5, 7, 8, 9))",pc,27,4
T4,"((0, 1, 2, 4), (5, 7, 8, 9))",pc,28,4
T4,"((0, 1, 2, 4), (5, 7, 8, 9))",pc,29,4
T4,"((0, 1, 2, 4), (6, 7, 8, 9))",pc,0,5
T4,"((0, 1, 2, 4), (6, 7, 8, 9))",pc,1,6
T4,"((0, 1, 2, 4), (6, 7, 8, 9))",pc,2,6
T4,"((0, 1, 2, 4), (6, 7, 8, 9))",pc,3,5
T4,"((0, 1, 2, 4), (6, 7, 8, 9))",pc,4,5
T4,"((0, 1, 2, 4), (6, 7, 8, 9))",pc,5,5
T4,"((0, 1, 2, 4), (6, 7, 8, 9))",pc,6,5
T4,"((0, 1, 2, 4), (6, 7, 8, 9))",pc,7,5
T4,"((0, 1, 2, 4), (6, 7, 8, 9))",pc,8,6
T4,"((0, 1, 2, 4), (6, 7, 8, 9))",pc,9,6
T4,"((0, 1, 2, 4), (6, 7, 8, 9))",pc,10,5
T4,"((0, 1, 2, 4), (6, 7, 8, 9))",pc,11,6
T4,"((0, 1, 2, 4), (6, 7, 8, 9))",pc,12,6
T4,"((0, 1, 2, 4), (6, 7, 8, 9))",pc,13,5
T4,"((0, 1, 2, 4), (6, 7, 8, 9))",pc,14,5
T4,"((0, 1, 2, 4), (6, 7, 8, 9))",pc,15,6
T4,"((0, 1, 2, 4), (6, 7, 8, 9))",pc,16,6
T4,"((0, 1, 2, 4), (6, 7, 8, 9))",pc,17,6
T4,"((0, 1, 2, 4), (6, 7, 8, 9))",pc,18,6
T4,"((0, 1, 2, 4), (6, 7, 8, 9))",pc,19,6
T4,"((0, 1, 2, 4), (6, 7, 8, 9))",pc,20,6
T4,"((0, 1, 2, 4), (6, 7, 8, 9))",pc,21,6
T4,"((0, 1, 2, 4), (6, 7, 8, 9))",pc,22,6
T4,"((0, 1, 2, 4), (6, 7, 8, 9))",pc,23,6
T4,"((0, 1, 2, 4), (6, 7, 8, 9))",pc,24,6
T4,"((0, 1, 2, 4), (6, 7, 8, 9))",pc,25,6
T4,"((0, 1, 2, 4), (6, 7, 8, 9))",pc,26,6
T4,"((0, 1, 2, 4), (6, 7, 8, 9))",pc,27,6
T4,"((0, 1, 2, 4), (6, 7, 8, 9))",pc,28,6
T4,"((0, 1, 2, 4), (6, 7, 8, 9))",pc,29,6
T4,"((0, 1, 3, 4), (5, 6, 7, 8))",pc,0,4
T4,"((0, 1, 3, 4), (5, 6, 7, 8))",pc,1,4
T4,"((0, 1, 3, 4), (5, 6, 7, 8))",pc,2,4
T4,"((0, 1, 3, 4), (5, 6, 7, 8))",pc,3,4
T4,"((0, 1, 3, 4), (5, 6, 7, 8))",pc,4,4
T4,"((0, 1, 3, 4), (5, 6, 7, 8))",pc,5,4
T4,"((0, 1, 3, 4), (5, 6, 7, 8))",pc,6,4
T4,"((0, 1, 3, 4), (5, 6, 7, 8))",pc,7,4
T4,"((0, 1, 3, 4), (5, 6, 7, 8))",pc,8,4
T4,"((0, 1, 3, 4), (5, 6, 7, 8))",pc,9,4
T4,"((0, 1, 3, 4), (5, 6, 7, 8))",pc,10,4
T4,"((0, 1, 3, 4), (5, 6, 7, 8))",pc,11,4
T4,"((0, 1, 3, 4), (5, 6, 7, 8))",pc,12,4
T4,"((0, 1, 3, 4), (5, 6, 7, 8))",pc,13,4
T4,"((0, 1, 3, 4), (5, 6, 7, 8))",pc,14,4
T4,"((0, 1, 3, 4), (5, 6, 7, 8))",pc,15,4
T4,"((0, 1, 3, 4), (5, 6, 7, 8))",pc,16,4
T4,"((0, 1, 3, 4), (5, 6, 7, 8))",pc,17,4
T4,"((0, 1, 3, 4), (5, 6, 7, 8))",pc,18,4
T4,"((0, 1, 3, 4), (5, 6, 7, 8))",pc,19,4
T4,"((0, 1, 3, 4), (5, 6, 7, 8))",pc,20,4
T4,"((0, 1, 3, 4), (5, 6, 7, 8))",pc,21,4
T4,"((0, 1, 3, 4), (5, 6, 7, 8))",pc,22,4
T4,"((0, 1, 3, 4), (5, 6, 7, 8))",pc,23,4
T4,"((0, 1, 3, 4), (5, 6, 7, 8))",pc,24,4
T4,"((0, 1, 3, 4), (5, 6, 7, 8))",pc,25,4
T4,"((0, 1, 3, 4), (5, 6, 7, 8))",pc,26,4
T4,"((0, 1, 3, 4), (5, 6, 7, 8))",pc,27,4
T4,"((0, 1, 3, 4), (5, 6, 7, 8))",pc,28,4
T4,"((0, 1, 3, 4), (5, 6, 7, 8))",pc,29,4
T4,"((0, 1, 3, 4), (5, 6, 7, 9))",pc,0,4
T4,"((0, 1, 3, 4), (5, 6, 7, 9))",pc,1,4
T4,"((0, 1, 3, 4), (5, 6, 7, 9))",pc,2,4
T4,"((0, 1, 3, 4), (5, 6, 7, 9))",pc,3,4
T4,"((0, 1, 3, 4), (5, 6, 7, 9))",pc,4,4
T4,"((0, 1, 3, 4), (5, 6, 7, 9))",pc,5,4
T4,"((0, 1, 3, 4), (5, 6, 7, 9))",pc,6,4
T4,"((0, 1, 3, 4), (5, 6, 7, 9))",pc,7,4
T4,"((0, 1, 3, 4), (5, 6, 7, 9))",pc,8,4
T4,"((0, 1, 3, 4), (5, 6, 7, 9))",pc,9,4
T4,"((0, 1, 3, 4), (5, 6, 7, 9))",pc,10,4
T4,"((0, 1, 3, 4), (5, 6, 7, 9))",pc,11,4
T4,"((0, 1, 3, 4), (5, 6, 7, 9))",pc,12,4
T4,"((0, 1, 3, 4), (5, 6, 7, 9))",pc,13,4
T4,"((0, 1, 3, 4), (5, 6, 7, 9))",pc,14,4
T4,"((0, 1, 3, 4), (5, 6, 7, 9))",pc,15,4
T4,"((0, 1, 3, 4), (5, 6, 7, 9))",pc,16,4
T4,"((0, 1, 3, 4), (5, 6, 7, 9))",pc,17,4
T4,"((0, 1, 3, 4), (5, 6, 7, 9))",pc,18,4
T4,"((0, 1, 3, 4), (5, 6, 7, 9))",pc,19,4
T4,"((0, 1, 3, 4), (5, 6, 7, 9))",pc,20,4
T4,"((0, 1, 3, 4), (5, 6, 7, 9))",pc,21,4
T4,"((0, 1, 3, 4), (5, 6, 7, 9))",pc,22,4
T4,"((0, 1, 3, 4), (5, 6, 7, 9))",pc,23,4
T4,"((0, 1, 3, 4), (5, 6, 7, 9))",pc,24,4
T4,"((0, 1, 3, 4), (5, 6, 7, 9))",pc,25,4
T4,"((0, 1, 3, 4), (5, 6, 7, 9))",pc,26,4
T4,"((0, 1, 3, 4), (5, 6, 7, 9))",pc,27,4
T4,"((0, 1, 3, 4), (5, 6, 7, 9))",pc,28,4
T4,"((0, 1, 3, 4), (5, 6, 7, 9))",pc,29,4
T4,"((0, 1, 3, 4), (5, 6, 8, 9))",pc,0,4
T4,"((0, 1, 3, 4), (5, 6, 8, 9))",pc,1,4
T4,"((0, 1, 3, 4), (5, 6, 8, 9))",pc,2,4
T4,"((0, 1, 3, 4), (5, 6, 8, 9))",pc,3,4
T4,"((0, 1, 3, 4), (5, 6, 8, 9))",pc,4,4
T4,"((0, 1, 3, 4), (5, 6, 8, 9))",pc,5,4
T4,"((0, 1, 3, 4), (5, 6, 8, 9))",pc,6,4
T4,"((0, 1, 3, 4), (5, 6, 8, 9))",pc,7,4
T4,"((0, 1, 3, 4), (5, 6, 8, 9))",pc,8,4
T4,"((0, 1, 3, 4), (5, 6, 8, 9))",pc,9,4
T4,"((0, 1, 3, 4), (5, 6, 8, 9))",pc,10,4
T4,"((0, 1, 3, 4), (5, 6, 8, 9))",pc,11,4
T4,"((0, 1, 3, 4), (5, 6, 8, 9))",pc,12,4
T4,"((0, 1, 3, 4), (5, 6, 8, 9))",pc,13,4
T4,"((0, 1, 3, 4), (5, 6, 8, 9))",pc,14,4
T4,"((0, 1, 3, 4), (5, 6, 8, 9))",pc,15,4
T4,"((0, 1, 3, 4), (5, 6, 8, 9))",pc,16,4
T4,"((0, 1, 3, 4), (5, 6, 8, 9))",pc,17,4
T4,"((0, 1, 3, 4), (5, 6, 8, 9))",pc,18,4
T4,"((0, 1, 3, 4), (5, 6, 8, 9))",pc,19,4
T4,"((0, 1, 3, 4), (5, 6, 8, 9))",pc,20,4
T4,"((0, 1, 3, 4), (5, 6, 8, 9))",pc,21,4
T4,"((0, 1, 3, 4), (5, 6, 8, 9))",pc,22,4
T4,"((0, 1, 3, 4), (5, 6, 8, 9))",pc,23,4
T4,"((0, 1, 3, 4), (5, 6, 8, 9))",pc,24,4
T4,"((0, 1, 3, 4), (5, 6, 8, 9))",pc,25,4
T4,"((0, 1, 3, 4), (5, 6, 8, 9))",pc,26,4
T4,"((0, 1, 3, 4), (5, 6, 8, 9))",pc,27,4
T4,"((0, 1, 3, 4), (5, 6, 8, 9))",pc,28,4
T4,"((0, 1, 3, 4), (5, 6, 8, 9))",pc,29,4
T4,"((0, 1, 3, 4), (5, 7, 8, 9))",pc,0,4
T4,"((0, 1, 3, 4), (5, 7, 8, 9))",pc,1,4
T4,"((0, 1, 3, 4), (5, 7, 8, 9))",pc,2,4
T4,"((0, 1, 3, 4), (5, 7, 8, 9))",pc,3,4
T4,"((0, 1, 3, 4), (5, 7, 8, 9))",pc,4,4
T4,"((0, 1, 3, 4), (5, 7, 8, 9))",pc,5,4
T4,"((0, 1, 3, 4), (5, 7, 8, 9))",pc,6,4
T4,"((0, 1, 3, 4), (5, 7, 8, 9))",pc,7,4
T4,"((0, 1, 3, 4), (5, 7, 8, 9))",pc,8,4
T4,"((0, 1, 3, 4), (5, 7, 8, 9))",pc,9,4
T4,"((0, 1, 3, 4), (5, 7, 8, 9))",pc,10,4
T4,"((0, 1, 3, 4), (5, 7, 8, 9))",pc,11,4
T4,"((0, 1, 3, 4), (5, 7, 8, 9))",pc,12,4
T4,"((0, 1, 3, 4), (5, 7, 8, 9))",pc,13,4
T4,"((0, 1, 3, 4), (5, 7, 8, 9))",pc,14,4
T4,"((0, 1, 3, 4), (5, 7, 8, 9))",pc,15,4
T4,"((0, 1, 3, 4), (5, 7, 8, 9))",pc,16,4
T4,"((0, 1, 3, 4), (5, 7, 8, 9))",pc,17,4
T4,"((0, 1, 3, 4), (5, 7, 8, 9))",pc,18,4
T4,"((0, 1, 3, 4), (5, 7, 8, 9))",pc,19,4
T4,"((0, 1, 3, 4), (5, 7, 8, 9))",pc,20,4
T4,"((0, 1, 3, 4), (5, 7, 8, 9))",pc,21,4
T4,"((0, 1, 3, 4), (5, 7, 8, 9))",pc,22,4
T4,"((0, 1, 3, 4), (5, 7, 8, 9))",pc,23,4
T4,"((0, 1, 3, 4), (5, 7, 8, 9))",pc,24,4
T4,"((0, 1, 3, 4), (5, 7, 8, 9))",pc,25,4
T4,"((0, 1, 3, 4), (5, 7, 8, 9))",pc,26,4
T4,"((0, 1, 3, 4), (5, 7, 8, 9))",pc,27,4
T4,"((0, 1, 3, 4), (5, 7, 8, 9))",pc,28,4
T4,"((0, 1, 3, 4), (5, 7, 8, 9))",pc,29,4
T4,"((0, 1, 3, 4), (6, 7, 8, 9))",pc,0,6
T4,"((0, 1, 3, 4), (6, 7, 8, 9))",pc,1,5
T4,"((0, 1, 3, 4), (6, 7, 8, 9))",pc,2,6
T4,"((0, 1, 3, 4), (6, 7, 8, 9))",pc,3,6
T4,"((0, 1, 3, 4), (6, 7, 8, 9))",pc,4,6
T4,"((0, 1, 3, 4), (6, 7, 8, 9))",pc,5,5
T4,"((0, 1, 3, 4), (6, 7, 8, 9))",pc,6,5
T4,"((0, 1, 3, 4), (6, 7, 8, 9))",pc,7,5
T4,"((0, 1, 3, 4), (6, 7, 8, 9))",pc,8,5
T4,"((0, 1, 3, 4), (6, 7, 8, 9))",pc,9,6
T4,"((0, 1, 3, 4), (6, 7, 8, 9))",pc,10,5
T4,"((0, 1, 3, 4), (6, 7, 8, 9))",pc,11,5
T4,"((0, 1, 3, 4), (6, 7, 8, 9))",pc,12,5
T4,"((0, 1, 3, 4), (6, 7, 8, 9))",pc,13,5
T4,"((0, 1, 3, 4), (6, 7, 8, 9))",pc,14,5
T4,"((0, 1, 3, 4), (6, 7, 8, 9))",pc,15,6
T4,"((0, 1, 3, 4), (6, 7, 8, 9))",pc,16,5
T4,"((0, 1, 3, 4), (6, 7, 8, 9))",pc,17,6
T4,"((0, 1, 3, 4), (6, 7, 8, 9))",pc,18,5
T4,"((0, 1, 3, 4), (6, 7, 8, 9))",pc,19,6
T4,"((0, 1, 3, 4), (6, 7, 8, 9))",pc,20,6
T4,"((0, 1, 3, 4), (6, 7, 8, 9))",pc,21,5
T4,"((0, 1, 3, 4), (6, 7, 8, 9))",pc,22,5
T4,"((0, 1, 3, 4), (6, 7, 8, 9))",pc,23,6
T4,"((0, 1, 3, 4), (6, 7, 8, 9))",pc,24,5
T4,"((0, 1, 3, 4), (6, 7, 8, 9))",pc,25,5
T4,"((0, 1, 3, 4), (6, 7, 8, 9))",pc,26,5
T4,"((0, 1, 3, 4), (6, 7, 8, 9))",pc,27,5
T4,"((0, 1, 3, 4), (6, 7, 8, 9))",pc,28,6
T4,"((0, 1, 3, 4), (6, 7, 8, 9))",pc,29,6
T4,"((0, 2, 3, 4), (5, 6, 7, 8))",pc,0,4
T4,"((0, 2, 3, 4), (5, 6, 7, 8))",pc,1,4
T4,"((0, 2, 3, 4), (5, 6, 7, 8))",pc,2,4
T4,"((0, 2, 3, 4), (5, 6, 7, 8))",pc,3,4
T4,"((0, 2, 3, 4), (5, 6, 7, 8))",pc,4,4
T4,"((0, 2, 3, 4), (5, 6, 7, 8))",pc,5,4
T4,"((0, 2, 3, 4), (5, 6, 7, 8))",pc,6,4
T4,"((0, 2, 3, 4), (5, 6, 7, 8))",pc,7,4
T4,"((0, 2, 3, 4), (5, 6, 7, 8))",pc,8,4
T4,"((0, 2, 3, 4), (5, 6, 7, 8))",pc,9,4
T4,"((0, 2, 3, 4), (5, 6, 7, 8))",pc,10,4
T4,"((0, 2, 3, 4), (5, 6, 7, 8))",pc,11,4
T4,"((0, 2, 3, 4), (5, 6, 7, 8))",pc,12,4
T4,"((0, 2, 3, 4), (5, 6, 7, 8))",pc,13,4
T4,"((0, 2, 3, 4), (5, 6, 7, 8))",pc,14,4
T4,"((0, 2, 3, 4), (5, 6, 7, 8))",pc,15,4
T4,"((0, 2, 3, 4), (5, 6, 7, 8))",pc,16,4
T4,"((0, 2, 3, 4), (5, 6, 7, 8))",pc,17,4
T4,"((0, 2, 3, 4), (5, 6, 7, 8))",pc,18,4
T4,"((0, 2, 3, 4), (5, 6, 7, 8))",pc,19,4
T4,"((0, 2, 3, 4), (5, 6, 7, 8))",pc,20,4
T4,"((0, 2, 3, 4), (5, 6, 7, 8))",pc,21,4
T4,"((0, 2, 3, 4), (5, 6, 7, 8))",pc,22,4
T4,"((0, 2, 3, 4), (5, 6, 7, 8))",pc,23,4
T4,"((0, 2, 3, 4), (5, 6, 7, 8))",pc,24,4
T4,"((0, 2, 3, 4), (5, 6, 7, 8))",pc,25,4
T4,"((0, 2, 3, 4), (5, 6, 7, 8))",pc,26,4
T4,"((0, 2, 3, 4), (5, 6, 7, 8))",pc,27,4
T4,"((0, 2, 3, 4), (5, 6, 7, 8))",pc,28,4
T4,"((0, 2, 3, 4), (5, 6, 7, 8))",pc,29,4
T4,"((0, 2, 3, 4), (5, 6, 7, 9))",pc,0,4
T4,"((0, 2, 3, 4), (5, 6, 7, 9))",pc,1,4
T4,"((0, 2, 3, 4), (5, 6, 7, 9))",pc,2,4
T4,"((0, 2, 3, 4), (5, 6, 7, 9))",pc,3,4
T4,"((0, 2, 3, 4), (5, 6, 7, 9))",pc,4,4
T4,"((0, 2, 3, 4), (5, 6, 7, 9))",pc,5,4
T4,"((0, 2, 3, 4), (5, 6, 7, 9))",pc,6,4
T4,"((0, 2, 3, 4), (5, 6, 7, 9))",pc,7,4
T4,"((0, 2, 3, 4), (5, 6, 7, 9))",pc,8,4
T4,"((0, 2, 3, 4), (5, 6, 7, 9))",pc,9,4
T4,"((0, 2, 3, 4), (5, 6, 7, 9))",pc,10,4
T4,"((0, 2, 3, 4), (5, 6, 7, 9))",pc,11,4
T4,"((0, 2, 3, 4), (5, 6, 7, 9))",pc,12,4
T4,"((0, 2, 3, 4), (5, 6, 7, 9))",pc,13,4
T4,"((0, 2, 3, 4), (5, 6, 7, 9))",pc,14,4
T4,"((0, 2, 3, 4), (5, 6, 7, 9))",pc,15,4
T4,"((0, 2, 3, 4), (5, 6, 7, 9))",pc,16,4
T4,"((0, 2, 3, 4), (5, 6, 7, 9))",pc,17,4
T4,"((0, 2, 3, 4), (5, 6, 7, 9))",pc,18,4
T4,"((0, 2, 3, 4), (5, 6, 7, 9))",pc,19,4
T4,"((0, 2, 3, 4), (5, 6, 7, 9))",pc,20,4
T4,"((0, 2, 3, 4), (5, 6, 7, 9))",pc,21,4
T4,"((0, 2, 3, 4), (5, 6, 7, 9))",pc,22,4
T4,"((0, 2, 3, 4), (5, 6, 7, 9))",pc,23,4
T4,"((0, 2, 3, 4), (5, 6, 7, 9))",pc,24,4
T4,"((0, 2, 3, 4), (5, 6, 7, 9))",pc,25,4
T4,"((0, 2, 3, 4), (5, 6, 7, 9))",pc,26,4
T4,"((0, 2, 3, 4), (5, 6, 7, 9))",pc,27,4
T4,"((0, 2, 3, 4), (5, 6, 7, 9))",pc,28,4
T4,"((0, 2, 3, 4), (5, 6, 7, 9))",pc,29,4
T4,"((0, 2, 3, 4), (5, 6, 8, 9))",pc,0,4
T4,"((0, 2, 3, 4), (5, 6, 8, 9))",pc,1,4
T4,"((0, 2, 3, 4), (5, 6, 8, 9))",pc,2,4
T4,"((0, 2, 3, 4), (5, 6, 8, 9))",pc,3,4
T4,"((0, 2, 3, 4), (5, 6, 8, 9))",pc,4,4
T4,"((0, 2, 3, 4), (5, 6, 8, 9))",pc,5,4
T4,"((0, 2, 3, 4), (5, 6, 8, 9))",pc,6,4
T4,"((0, 2, 3, 4), (5, 6, 8, 9))",pc,7,4
T4,"((0, 2, 3, 4), (5, 6, 8, 9))",pc,8,4
T4,"((0, 2, 3, 4), (5, 6, 8, 9))",pc,9,4
T4,"((0, 2, 3, 4), (5, 6, 8, 9))",pc,10,4
T4,"((0, 2, 3, 4), (5, 6, 8, 9))",pc,11,4
T4,"((0, 2, 3, 4), (5, 6, 8, 9))",pc,12,4
T4,"((0, 2, 3, 4), (5, 6, 8, 9))",pc,13,4
T4,"((0, 2, 3, 4), (5, 6, 8, 9))",pc,14,4
T4,"((0, 2, 3, 4), (5, 6, 8, 9))",pc,15,4
T4,"((0, 2, 3, 4), (5, 6, 8, 9))",pc,16,4
T4,"((0, 2, 3, 4), (5, 6, 8, 9))",pc,17,4
T4,"((0, 2, 3, 4), (5, 6, 8, 9))",pc,18,4
T4,"((0, 2, 3, 4), (5, 6, 8, 9))",pc,19,4
T4,"((0, 2, 3, 4), (5, 6, 8, 9))",pc,20,4
T4,"((0, 2, 3, 4), (5, 6, 8, 9))",pc,21,4
T4,"((0, 2, 3, 4), (5, 6, 8, 9))",pc,22,4
T4,"((0, 2, 3, 4), (5, 6, 8, 9))",pc,23,4
T4,"((0, 2, 3, 4), (5, 6, 8, 9))",pc,24,4
T4,"((0, 2, 3, 4), (5, 6, 8, 9))",pc,25,4
T4,"((0, 2, 3, 4), (5, 6, 8, 9))",pc,26,4
T4,"((0, 2, 3, 4), (5, 6, 8, 9))",pc,27,4
T4,"((0, 2, 3, 4), (5, 6, 8, 9))",pc,28,4
T4,"((0, 2, 3, 4), (5, 6, 8, 9))",pc,29,4
T4,"((0, 2, 3, 4), (5, 7, 8, 9))",pc,0,4
T4,"((0, 2, 3, 4), (5, 7, 8, 9))",pc,1,4
T4,"((0, 2, 3, 4), (5, 7, 8, 9))",pc,2,4
T4,"((0, 2, 3, 4), (5, 7, 8, 9))",pc,3,4
T4,"((0, 2, 3, 4), (5, 7, 8, 9))",pc,4,4
T4,"((0, 2, 3, 4), (5, 7, 8, 9))",pc,5,4
T4,"((0, 2, 3, 4), (5, 7, 8, 9))",pc,6,4
T4,"((0, 2, 3, 4), (5, 7, 8, 9))",pc,7,4
T4,"((0, 2, 3, 4), (5, 7, 8, 9))",pc,8,4
T4,"((0, 2, 3, 4), (5, 7, 8, 9))",pc,9,4
T4,"((0, 2, 3, 4), (5, 7, 8, 9))",pc,10,4
T4,"((0, 2, 3, 4), (5, 7, 8, 9))",pc,11,4
T4,"((0, 2, 3, 4), (5, 7, 8, 9))",pc,12,4
T4,"((0, 2, 3, 4), (5, 7, 8, 9))",pc,13,4
T4,"((0, 2, 3, 4), (5, 7, 8, 9))",pc,14,4
T4,"((0, 2, 3, 4), (5, 7, 8, 9))",pc,15,4
T4,"((0, 2, 3, 4), (5, 7, 8, 9))",pc,16,4
T4,"((0, 2, 3, 4), (5, 7, 8, 9))",pc,17,4
T4,"((0, 2, 3, 4), (5, 7, 8, 9))",pc,18,4
T4,"((0, 2, 3, 4), (5, 7, 8, 9))",pc,19,4
T4,"((0, 2, 3, 4), (5, 7, 8, 9))",pc,20,4
T4,"((0, 2, 3, 4), (5, 7, 8, 9))",pc,21,4
T4,"((0, 2, 3, 4), (5, 7, 8, 9))",pc,22,4
T4,"((0, 2, 3, 4), (5, 7, 8, 9))",pc,23,4
T4,"((0, 2, 3, 4), (5, 7, 8, 9))",pc,24,4
T4,"((0, 2, 3, 4), (5, 7, 8, 9))",pc,25,4
T4,"((0, 2, 3, 4), (5, 7, 8, 9))",pc,26,4
T4,"((0, 2, 3, 4), (5, 7, 8, 9))",pc,27,4
T4,"((0, 2, 3, 4), (5, 7, 8, 9))",pc,28,4
T4,"((0, 2, 3, 4), (5, 7, 8, 9))",pc,29,4
T4,"((0, 2, 3, 4), (6, 7, 8, 9))",pc,0,5
T4,"((0, 2, 3, 4), (6, 7, 8, 9))",pc,1,5
T4,"((0, 2, 3, 4), (6, 7, 8, 9))",pc,2,5
T4,"((0, 2, 3, 4), (6, 7, 8, 9))",pc,3,5
T4,"((0, 2, 3, 4), (6, 7, 8, 9))",pc,4,5
T4,"((0, 2, 3, 4), (6, 7, 8, 9))",pc,5,5
T4,"((0, 2, 3, 4), (6, 7, 8, 9))",pc,6,5
T4,"((0, 2, 3, 4), (6, 7, 8, 9))",pc,7,5
T4,"((0, 2, 3, 4), (6, 7, 8, 9))",pc,8,5
T4,"((0, 2, 3, 4), (6, 7, 8, 9))",pc,9,6
T4,"((0, 2, 3, 4), (6, 7, 8, 9))",pc,10,6
T4,"((0, 2, 3, 4), (6, 7, 8, 9))",pc,11,5
T4,"((0, 2, 3, 4), (6, 7, 8, 9))",pc,12,6
T4,"((0, 2, 3, 4), (6, 7, 8, 9))",pc,13,5
T4,"((0, 2, 3, 4), (6, 7, 8, 9))",pc,14,6
T4,"((0, 2, 3, 4), (6, 7, 8, 9))",pc,15,5
T4,"((0, 2, 3, 4), (6, 7, 8, 9))",pc,16,5
T4,"((0, 2, 3, 4), (6, 7, 8, 9))",pc,17,5
T4,"((0, 2, 3, 4), (6, 7, 8, 9))",pc,18,5
T4,"((0, 2, 3, 4), (6, 7, 8, 9))",pc,19,5
T4,"((0, 2, 3, 4), (6, 7, 8, 9))",pc,20,5
T4,"((0, 2, 3, 4), (6, 7, 8, 9))",pc,21,5
T4,"((0, 2, 3, 4), (6, 7, 8, 9))",pc,22,5
T4,"((0, 2, 3, 4), (6, 7, 8, 9))",pc,23,5
T4,"((0, 2, 3, 4), (6, 7, 8, 9))",pc,24,5
T4,"((0, 2, 3, 4), (6, 7, 8, 9))",pc,25,5
T4,"((0, 2, 3, 4), (6, 7, 8, 9))",pc,26,5
T4,"((0, 2, 3, 4), (6, 7, 8, 9))",pc,27,5
T4,"((0, 2, 3, 4), (6, 7, 8, 9))",pc,28,5
T4,"((0, 2, 3, 4), (6, 7, 8, 9))",pc,29,5
T4,"((1, 2, 3, 4), (5, 6, 7, 8))",pc,0,4
T4,"((1, 2, 3, 4), (5, 6, 7, 8))",pc,1,4
T4,"((1, 2, 3, 4), (5, 6, 7, 8))",pc,2,4
T4,"((1, 2, 3, 4), (5, 6, 7, 8))",pc,3,4
T4,"((1, 2, 3, 4), (5, 6, 7, 8))",pc,4,4
T4,"((1, 2, 3, 4), (5, 6, 7, 8))",pc,5,4
T4,"((1, 2, 3, 4), (5, 6, 7, 8))",pc,6,4
T4,"((1, 2, 3, 4), (5, 6, 7, 8))",pc,7,4
T4,"((1, 2, 3, 4), (5, 6, 7, 8))",pc,8,4
T4,"((1, 2, 3, 4), (5, 6, 7, 8))",pc,9,4
T4,"((1, 2, 3, 4), (5, 6, 7, 8))",pc,10,4
T4,"((1, 2, 3, 4), (5, 6, 7, 8))",pc,11,4
T4,"((1, 2, 3, 4), (5, 6, 7, 8))",pc,12,4
T4,"((1, 2, 3, 4), (5, 6, 7, 8))",pc,13,4
T4,"((1, 2, 3, 4), (5, 6, 7, 8))",pc,14,4
T4,"((1, 2, 3, 4), (5, 6, 7, 8))",pc,15,4
T4,"((1, 2, 3, 4), (5, 6, 7, 8))",pc,16,4
T4,"((1, 2, 3, 4), (5, 6, 7, 8))",pc,17,4
T4,"((1, 2, 3, 4), (5, 6, 7, 8))",pc,18,4
T4,"((1, 2, 3, 4), (5, 6, 7, 8))",pc,19,4
T4,"((1, 2, 3, 4), (5, 6, 7, 8))",pc,20,4
T4,"((1, 2, 3, 4), (5, 6, 7, 8))",pc,21,4
T4,"((1, 2, 3, 4), (5, 6, 7, 8))",pc,22,4
T4,"((1, 2, 3, 4), (5, 6, 7, 8))",pc,23,4
T4,"((1, 2, 3, 4), (5, 6, 7, 8))",pc,24,4
T4,"((1, 2, 3, 4), (5, 6, 7, 8))",pc,25,4
T4,"((1, 2, 3, 4), (5, 6, 7, 8))",pc,26,4
T4,"((1, 2, 3, 4), (5, 6, 7, 8))",pc,27,4
T4,"((1, 2, 3, 4), (5, 6, 7, 8))",pc,28,4
T4,"((1, 2, 3, 4), (5, 6, 7, 8))",pc,29,4
T4,"((1, 2, 3, 4), (5, 6, 7, 9))",pc,0,4
T4,"((1, 2, 3, 4), (5, 6, 7, 9))",pc,1,4
T4,"((1, 2, 3, 4), (5, 6, 7, 9))",pc,2,4
T4,"((1, 2, 3, 4), (5, 6, 7, 9))",pc,3,4
T4,"((1, 2, 3, 4), (5, 6, 7, 9))",pc,4,4
T4,"((1, 2, 3, 4), (5, 6, 7, 9))",pc,5,4
T4,"((1, 2, 3, 4), (5, 6, 7, 9))",pc,6,4
T4,"((1, 2, 3, 4), (5, 6, 7, 9))",pc,7,4
T4,"((1, 2, 3, 4), (5, 6, 7, 9))",pc,8,4
T4,"((1, 2, 3, 4), (5, 6, 7, 9))",pc,9,4
T4,"((1, 2, 3, 4), (5, 6, 7, 9))",pc,10,4
T4,"((1, 2, 3, 4), (5, 6, 7, 9))",pc,11,4
T4,"((1, 2, 3, 4), (5, 6, 7, 9))",pc,12,4
T4,"((1, 2, 3, 4), (5, 6, 7, 9))",pc,13,4
T4,"((1, 2, 3, 4), (5, 6, 7, 9))",pc,14,4
T4,"((1, 2, 3, 4), (5, 6, 7, 9))",pc,15,4
T4,"((1, 2, 3, 4), (5, 6, 7, 9))",pc,16,4
T4,"((1, 2, 3, 4), (5, 6, 7, 9))",pc,17,4
T4,"((1, 2, 3, 4), (5, 6, 7, 9))",pc,18,4
T4,"((1, 2, 3, 4), (5, 6, 7, 9))",pc,19,4
T4,"((1, 2, 3, 4), (5, 6, 7, 9))",pc,20,4
T4,"((1, 2, 3, 4), (5, 6, 7, 9))",pc,21,4
T4,"((1, 2, 3, 4), (5, 6, 7, 9))",pc,22,4
T4,"((1, 2, 3, 4), (5, 6, 7, 9))",pc,23,4
T4,"((1, 2, 3, 4), (5, 6, 7, 9))",pc,24,4
T4,"((1, 2, 3, 4), (5, 6, 7, 9))",pc,25,4
T4,"((1, 2, 3, 4), (5, 6, 7, 9))",pc,26,4
T4,"((1, 2, 3, 4), (5, 6, 7, 9))",pc,27,4
T4,"((1, 2, 3, 4), (5, 6, 7, 9))",pc,28,4
T4,"((1, 2, 3, 4), (5, 6, 7, 9))",pc,29,4
T4,"((1, 2, 3, 4), (5, 6, 8, 9))",pc,0,5
T4,"((1, 2, 3, 4), (5, 6, 8, 9))",pc,1,4
T4,"((1, 2, 3, 4), (5, 6, 8, 9))",pc,2,4
T4,"((1, 2, 3, 4), (5, 6, 8, 9))",pc,3,4
T4,"((1, 2, 3, 4), (5, 6, 8, 9))",pc,4,4
T4,"((1, 2, 3, 4), (5, 6, 8, 9))",pc,5,5
T4,"((1, 2, 3, 4), (5, 6, 8, 9))",pc,6,5
T4,"((1, 2, 3, 4), (5, 6, 8, 9))",pc,7,5
T4,"((1, 2, 3, 4), (5, 6, 8, 9))",pc,8,5
T4,"((1, 2, 3, 4), (5, 6, 8, 9))",pc,9,4
T4,"((1, 2, 3, 4), (5, 6, 8, 9))",pc,10,5
T4,"((1, 2, 3, 4), (5, 6, 8, 9))",pc,11,5
T4,"((1, 2, 3, 4), (5, 6, 8, 9))",pc,12,4
T4,"((1, 2, 3, 4), (5, 6, 8, 9))",pc,13,4
T4,"((1, 2, 3, 4), (5, 6, 8, 9))",pc,14,4
T4,"((1, 2, 3, 4), (5, 6, 8, 9))",pc,15,4
T4,"((1, 2, 3, 4), (5, 6, 8, 9))",pc,16,5
T4,"((1, 2, 3, 4), (5, 6, 8, 9))",pc,17,5
T4,"((1, 2, 3, 4), (5, 6, 8, 9))",pc,18,4
T4,"((1, 2, 3, 4), (5, 6, 8, 9))",pc,19,4
T4,"((1, 2, 3, 4), (5, 6, 8, 9))",pc,20,4
T4,"((1, 2, 3, 4), (5, 6, 8, 9))",pc,21,4
T4,"((1, 2, 3, 4), (5, 6, 8, 9))",pc,22,4
T4,"((1, 2, 3, 4), (5, 6, 8, 9))",pc,23,4
T4,"((1, 2, 3, 4), (5, 6, 8, 9))",pc,24,4
T4,"((1, 2, 3, 4), (5, 6, 8, 9))",pc,25,5
T4,"((1, 2, 3, 4), (5, 6, 8, 9))",pc,26,5
T4,"((1, 2, 3, 4), (5, 6, 8, 9))",pc,27,5
T4,"((1, 2, 3, 4), (5, 6, 8, 9))",pc,28,5
T4,"((1, 2, 3, 4), (5, 6, 8, 9))",pc,29,5
T4,"((1, 2, 3, 4), (5, 7, 8, 9))",pc,0,4
T4,"((1, 2, 3, 4), (5, 7, 8, 9))",pc,1,4
T4,"((1, 2, 3, 4), (5, 7, 8, 9))",pc,2,4
T4,"((1, 2, 3, 4), (5, 7, 8, 9))",pc,3,4
T4,"((1, 2, 3, 4), (5, 7, 8, 9))",pc,4,4
T4,"((1, 2, 3, 4), (5, 7, 8, 9))",pc,5,4
T4,"((1, 2, 3, 4), (5, 7, 8, 9))",pc,6,4
T4,"((1, 2, 3, 4), (5, 7, 8, 9))",pc,7,4
T4,"((1, 2, 3, 4), (5, 7, 8, 9))",pc,8,4
T4,"((1, 2, 3, 4), (5, 7, 8, 9))",pc,9,4
T4,"((1, 2, 3, 4), (5, 7, 8, 9))",pc,10,4
T4,"((1, 2, 3, 4), (5, 7, 8, 9))",pc,11,4
T4,"((1, 2, 3, 4), (5, 7, 8, 9))",pc,12,5
T4,"((1, 2, 3, 4), (5, 7, 8, 9))",pc,13,4
T4,"((1, 2, 3, 4), (5, 7, 8, 9))",pc,14,4
T4,"((1, 2, 3, 4), (5, 7, 8, 9))",pc,15,4
T4,"((1, 2, 3, 4), (5, 7, 8, 9))",pc,16,4
T4,"((1, 2, 3, 4), (5, 7, 8, 9))",pc,17,4
T4,"((1, 2, 3, 4), (5, 7, 8, 9))",pc,18,4
T4,"((1, 2, 3, 4), (5, 7, 8, 9))",pc,19,4
T4,"((1, 2, 3, 4), (5, 7, 8, 9))",pc,20,4
T4,"((1, 2, 3, 4), (5, 7, 8, 9))",pc,21,5
T4,"((1, 2, 3, 4), (5, 7, 8, 9))",pc,22,4
T4,"((1, 2, 3, 4), (5, 7, 8, 9))",pc,23,5
T4,"((1, 2, 3, 4), (5, 7, 8, 9))",pc,24,4
T4,"((1, 2, 3, 4), (5, 7, 8, 9))",pc,25,4
T4,"((1, 2, 3, 4), (5, 7, 8, 9))",pc,26,4
T4,"((1, 2, 3, 4), (5, 7, 8, 9))",pc,27,4
T4,"((1, 2, 3, 4), (5, 7, 8, 9))",pc,28,4
T4,"((1, 2, 3, 4), (5, 7, 8, 9))",pc,29,4
T4,"((1, 2, 3, 4), (6, 7, 8, 9))",pc,0,6
T4,"((1, 2, 3, 4), (6, 7, 8, 9))",pc,1,6
T4,"((1, 2, 3, 4), (6, 7, 8, 9))",pc,2,6
T4,"((1, 2, 3, 4), (6, 7, 8, 9))",pc,3,6
T4,"((1, 2, 3, 4), (6, 7, 8, 9))",pc,4,6
T4,"((1, 2, 3, 4), (6, 7, 8, 9))",pc,5,6
T4,"((1, 2, 3, 4), (6, 7, 8, 9))",pc,6,6
T4,"((1, 2, 3, 4), (6, 7, 8, 9))",pc,7,6
T4,"((1, 2, 3, 4), (6, 7, 8, 9))",pc,8,6
T4,"((1, 2, 3, 4), (6, 7, 8, 9))",pc,9,6
T4,"((1, 2, 3, 4), (6, 7, 8, 9))",pc,10,6
T4,"((1, 2, 3, 4), (6, 7, 8, 9))",pc,11,6
T4,"((1, 2, 3, 4), (6, 7, 8, 9))",pc,12,6
T4,"((1, 2, 3, 4), (6, 7, 8, 9))",pc,13,6
T4,"((1, 2, 3, 4), (6, 7, 8, 9))",pc,14,6
T4,"((1, 2, 3, 4), (6, 7, 8, 9))",pc,15,6
T4,"((1, 2, 3, 4), (6, 7, 8, 9))",pc,16,6
T4,"((1, 2, 3, 4), (6, 7, 8, 9))",pc,17,6
T4,"((1, 2, 3, 4), (6, 7, 8, 9))",pc,18,6
T4,"((1, 2, 3, 4), (6, 7, 8, 9))",pc,19,6
T4,"((1, 2, 3, 4), (6, 7, 8, 9))",pc,20,6
T4,"((1, 2, 3, 4), (6, 7, 8, 9))",pc,21,6
T4,"((1, 2, 3, 4), (6, 7, 8, 9))",pc,22,6
T4,"((1, 2, 3, 4), (6, 7, 8, 9))",pc,23,6
T4,"((1, 2, 3, 4), (6, 7, 8, 9))",pc,24,6
T4,"((1, 2, 3, 4), (6, 7, 8, 9))",pc,25,6
T4,"((1, 2, 3, 4), (6, 7, 8, 9))",pc,26,6
T4,"((1, 2, 3, 4), (6, 7, 8, 9))",pc,27,6
T4,"((1, 2, 3, 4), (6, 7, 8, 9))",pc,28,6
T4,"((1, 2, 3, 4), (6, 7, 8, 9))",pc,29,6
T4,"((0, 1, 2, 3), (5, 6, 7, 8))",cp,0,4
T4,"((0, 1, 2, 3), (5, 6, 7, 8))",cp,1,4
T4,"((0, 1, 2, 3), (5, 6, 7, 8))",cp,2,4
T4,"((0, 1, 2, 3), (5, 6, 7, 8))",cp,3,4
T4,"((0, 1, 2, 3), (5, 6, 7, 8))",cp,4,4
T4,"((0, 1, 2, 3), (5, 6, 7, 8))",cp,5,4
T4,"((0, 1, 2, 3), (5, 6, 7, 8))",cp,6,4
T4,"((0, 1, 2, 3), (5, 6, 7, 8))",cp,7,4
T4,"((0, 1, 2, 3), (5, 6, 7, 8))",cp,8,4
T4,"((0, 1, 2, 3), (5, 6, 7, 8))",cp,9,4
T4,"((0, 1, 2, 3), (5, 6, 7, 8))",cp,10,4
T4,"((0, 1, 2, 3), (5, 6, 7, 8))",cp,11,4
T4,"((0, 1, 2, 3), (5, 6, 7, 8))",cp,12,4
T4,"((0, 1, 2, 3), (5, 6, 7, 8))",cp,13,4
T4,"((0, 1, 2, 3), (5, 6, 7, 8))",cp,14,4
T4,"((0, 1, 2, 3), (5, 6, 7, 8))",cp,15,4
T4,"((0, 1, 2, 3), (5, 6, 7, 8))",cp,16,4
T4,"((0, 1, 2, 3), (5, 6, 7, 8))",cp,17,4
T4,"((0, 1, 2, 3), (5, 6, 7, 8))",cp,18,4
T4,"((0, 1, 2, 3), (5, 6, 7, 8))",cp,19,4
T4,"((0, 1, 2, 3), (5, 6, 7, 8))",cp,20,4
T4,"((0, 1, 2, 3), (5, 6, 7, 8))",cp,21,4
T4,"((0, 1, 2, 3), (5, 6, 7, 8))",cp,22,4
T4,"((0, 1, 2, 3), (5, 6, 7, 8))",cp,23,4
T4,"((0, 1, 2, 3), (5, 6, 7, 8))",cp,24,4
T4,"((0, 1, 2, 3), (5, 6, 7, 8))",cp,25,4
T4,"((0, 1, 2, 3), (5, 6, 7, 8))",cp,26,4
T4,"((0, 1, 2, 3), (5, 6, 7, 8))",cp,27,4
T4,"((0, 1, 2, 3), (5, 6, 7, 8))",cp,28,4
T4,"((0, 1, 2, 3), (5, 6, 7, 8))",cp,29,4
T4,"((0, 1, 2, 3), (5, 6, 7, 9))",cp,0,3
T4,"((0, 1, 2, 3), (5, 6, 7, 9))",cp,1,4
T4,"((0, 1, 2, 3), (5, 6, 7, 9))",cp,2,4
T4,"((0, 1, 2, 3), (5, 6, 7, 9))",cp,3,3
T4,"((0, 1, 2, 3), (5, 6, 7, 9))",cp,4,4
T4,"((0, 1, 2, 3), (5, 6, 7, 9))",cp,5,4
T4,"((0, 1, 2, 3), (5, 6, 7, 9))",cp,6,4
T4,"((0, 1, 2, 3), (5, 6, 7, 9))",cp,7,4
T4,"((0, 1, 2, 3), (5, 6, 7, 9))",cp,8,4
T4,"((0, 1, 2, 3), (5, 6, 7, 9))",cp,9,4
T4,"((0, 1, 2, 3), (5, 6, 7, 9))",cp,10,4
T4,"((0, 1, 2, 3), (5, 6, 7, 9))",cp,11,4
T4,"((0, 1, 2, 3), (5, 6, 7, 9))",cp,12,3
T4,"((0, 1, 2, 3), (5, 6, 7, 9))",cp,13,3
T4,"((0, 1, 2, 3), (5, 6, 7, 9))",cp,14,3
T4,"((0, 1, 2, 3), (5, 6, 7, 9))",cp,15,3
T4,"((0, 1, 2, 3), (5, 6, 7, 9))",cp,16,3
T4,"((0, 1, 2, 3), (5, 6, 7, 9))",cp,17,3
T4,"((0, 1, 2, 3), (5, 6, 7, 9))",cp,18,3
T4,"((0, 1, 2, 3), (5, 6, 7, 9))",cp,19,3
T4,"((0, 1, 2, 3), (5, 6, 7, 9))",cp,20,3
T4,"((0, 1, 2, 3), (5, 6, 7, 9))",cp,21,4
T4,"((0, 1, 2, 3), (5, 6, 7, 9))",cp,22,3
T4,"((0, 1, 2, 3), (5, 6, 7, 9))",cp,23,4
T4,"((0, 1, 2, 3), (5, 6, 7, 9))",cp,24,2
T4,"((0, 1, 2, 3), (5, 6, 7, 9))",cp,25,4
T4,"((0, 1, 2, 3), (5, 6, 7, 9))",cp,26,4
T4,"((0, 1, 2, 3), (5, 6, 7, 9))",cp,27,4
T4,"((0, 1, 2, 3), (5, 6, 7, 9))",cp,28,4
T4,"((0, 1, 2, 3), (5, 6, 7, 9))",cp,29,3
T4,"((0, 1, 2, 3), (5, 6, 8, 9))",cp,0,4
T4,"((0, 1, 2, 3), (5, 6, 8, 9))",cp,1,4
T4,"((0, 1, 2, 3), (5, 6, 8, 9))",cp,2,4
T4,"((0, 1, 2, 3), (5, 6, 8, 9))",cp,3,4
T4,"((0, 1, 2, 3), (5, 6, 8, 9))",cp,4,4
T4,"((0, 1, 2, 3), (5, 6, 8, 9))",cp,5,4
T4,"((0, 1, 2, 3), (5, 6, 8, 9))",cp,6,4
T4,"((0, 1, 2, 3), (5, 6, 8, 9))",cp,7,4
T4,"((0, 1, 2, 3), (5, 6, 8, 9))",cp,8,4
T4,"((0, 1, 2, 3), (5, 6, 8, 9))",cp,9,4
T4,"((0, 1, 2, 3), (5, 6, 8, 9))",cp,10,4
T4,"((0, 1, 2, 3), (5, 6, 8, 9))",cp,11,4
T4,"((0, 1, 2, 3), (5, 6, 8, 9))",cp,12,4
T4,"((0, 1, 2, 3), (5, 6, 8, 9))",cp,13,4
T4,"((0, 1, 2, 3), (5, 6, 8, 9))",cp,14,4
T4,"((0, 1, 2, 3), (5, 6, 8, 9))",cp,15,4
T4,"((0, 1, 2, 3), (5, 6, 8, 9))",cp,16,4
T4,"((0, 1, 2, 3), (5, 6, 8, 9))",cp,17,4
T4,"((0, 1, 2, 3), (5, 6, 8, 9))",cp,18,4
T4,"((0, 1, 2, 3), (5, 6, 8, 9))",cp,19,4
T4,"((0, 1, 2, 3), (5, 6, 8, 9))",cp,20,4
T4,"((0, 1, 2, 3), (5, 6, 8, 9))",cp,21,4
T4,"((0, 1, 2, 3), (5, 6, 8, 9))",cp,22,4
T4,"((0, 1, 2, 3), (5, 6, 8, 9))",cp,23,4
T4,"((0, 1, 2, 3), (5, 6, 8, 9))",cp,24,4
T4,"((0, 1, 2, 3), (5, 6, 8, 9))",cp,25,4
T4,"((0, 1, 2, 3), (5, 6, 8, 9))",cp,26,4
T4,"((0, 1, 2, 3), (5, 6, 8, 9))",cp,27,4
T4,"((0, 1, 2, 3), (5, 6, 8, 9))",cp,28,4
T4,"((0, 1, 2, 3), (5, 6, 8, 9))",cp,29,4
T4,"((0, 1, 2, 3), (5, 7, 8, 9))",cp,0,4
T4,"((0, 1, 2, 3), (5, 7, 8, 9))",cp,1,4
T4,"((0, 1, 2, 3), (5, 7, 8, 9))",cp,2,4
T4,"((0, 1, 2, 3), (5, 7, 8, 9))",cp,3,4
T4,"((0, 1, 2, 3), (5, 7, 8, 9))",cp,4,4
T4,"((0, 1, 2, 3), (5, 7, 8, 9))",cp,5,4
T4,"((0, 1, 2, 3), (5, 7, 8, 9))",cp,6,4
T4,"((0, 1, 2, 3), (5, 7, 8, 9))",cp,7,4
T4,"((0, 1, 2, 3), (5, 7, 8, 9))",cp,8,4
T4,"((0, 1, 2, 3), (5, 7, 8, 9))",cp,9,4
T4,"((0, 1, 2, 3), (5, 7, 8, 9))",cp,10,4
T4,"((0, 1, 2, 3), (5, 7, 8, 9))",cp,11,4
T4,"((0, 1, 2, 3), (5, 7, 8, 9))",cp,12,4
T4,"((0, 1, 2, 3), (5, 7, 8, 9))",cp,13,4
T4,"((0, 1, 2, 3), (5, 7, 8, 9))",cp,14,4
T4,"((0, 1, 2, 3), (5, 7, 8, 9))",cp,15,4
T4,"((0, 1, 2, 3), (5, 7, 8, 9))",cp,16,4
T4,"((0, 1, 2, 3), (5, 7, 8, 9))",cp,17,4
T4,"((0, 1, 2, 3), (5, 7, 8, 9))",cp,18,4
T4,"((0, 1, 2, 3), (5, 7, 8, 9))",cp,19,4
T4,"((0, 1, 2, 3), (5, 7, 8, 9))",cp,20,4
T4,"((0, 1, 2, 3), (5, 7, 8, 9))",cp,21,4
T4,"((0, 1, 2, 3), (5, 7, 8, 9))",cp,22,4
T4,"((0, 1, 2, 3), (5, 7, 8, 9))",cp,23,4
T4,"((0, 1, 2, 3), (5, 7, 8, 9))",cp,24,4
T4,"((0, 1, 2, 3), (5, 7, 8, 9))",cp,25,4
T4,"((0, 1, 2, 3), (5, 7, 8, 9))",cp,26,4
T4,"((0, 1, 2, 3), (5, 7, 8, 9))",cp,27,4
T4,"((0, 1, 2, 3), (5, 7, 8, 9))",cp,28,4
T4,"((0, 1, 2, 3), (5, 7, 8, 9))",cp,29,4
T4,"((0, 1, 2, 3), (6, 7, 8, 9))",cp,0,4
T4,"((0, 1, 2, 3), (6, 7, 8, 9))",cp,1,4
T4,"((0, 1, 2, 3), (6, 7, 8, 9))",cp,2,4
T4,"((0, 1, 2, 3), (6, 7, 8, 9))",cp,3,4
T4,"((0, 1, 2, 3), (6, 7, 8, 9))",cp,4,4
T4,"((0, 1, 2, 3), (6, 7, 8, 9))",cp,5,4
T4,"((0, 1, 2, 3), (6, 7, 8, 9))",cp,6,4
T4,"((0, 1, 2, 3), (6, 7, 8, 9))",cp,7,4
T4,"((0, 1, 2, 3), (6, 7, 8, 9))",cp,8,4
T4,"((0, 1, 2, 3), (6, 7, 8, 9))",cp,9,4
T4,"((0, 1, 2, 3), (6, 7, 8, 9))",cp,10,4
T4,"((0, 1, 2, 3), (6, 7, 8, 9))",cp,11,4
T4,"((0, 1, 2, 3), (6, 7, 8, 9))",cp,12,4
T4,"((0, 1, 2, 3), (6, 7, 8, 9))",cp,13,4
T4,"((0, 1, 2, 3), (6, 7, 8, 9))",cp,14,4
T4,"((0, 1, 2, 3), (6, 7, 8, 9))",cp,15,4
T4,"((0, 1, 2, 3), (6, 7, 8, 9))",cp,16,4
T4,"((0, 1, 2, 3), (6, 7, 8, 9))",cp,17,4
T4,"((0, 1, 2, 3), (6, 7, 8, 9))",cp,18,4
T4,"((0, 1, 2, 3), (6, 7, 8, 9))",cp,19,4
T4,"((0, 1, 2, 3), (6, 7, 8, 9))",cp,20,4
T4,"((0, 1, 2, 3), (6, 7, 8, 9))",cp,21,4
T4,"((0, 1, 2, 3), (6, 7, 8, 9))",cp,22,4
T4,"((0, 1, 2, 3), (6, 7, 8, 9))",cp,23,4
T4,"((0, 1, 2, 3), (6, 7, 8, 9))",cp,24,4
T4,"((0, 1, 2, 3), (6, 7, 8, 9))",cp,25,4
T4,"((0, 1, 2, 3), (6, 7, 8, 9))",cp,26,4
T4,"((0, 1, 2, 3), (6, 7, 8, 9))",cp,27,4
T4,"((0, 1, 2, 3), (6, 7, 8, 9))",cp,28,4
T4,"((0, 1, 2, 3), (6, 7, 8, 9))",cp,29,4
T4,"((0, 1, 2, 4), (5, 6, 7, 8))",cp,0,4
T4,"((0, 1, 2, 4), (5, 6, 7, 8))",cp,1,4
T4,"((0, 1, 2, 4), (5, 6, 7, 8))",cp,2,4
T4,"((0, 1, 2, 4), (5, 6, 7, 8))",cp,3,4
T4,"((0, 1, 2, 4), (5, 6, 7, 8))",cp,4,4
T4,"((0, 1, 2, 4), (5, 6, 7, 8))",cp,5,4
T4,"((0, 1, 2, 4), (5, 6, 7, 8))",cp,6,4
T4,"((0, 1, 2, 4), (5, 6, 7, 8))",cp,7,4
T4,"((0, 1, 2, 4), (5, 6, 7, 8))",cp,8,4
T4,"((0, 1, 2, 4), (5, 6, 7, 8))",cp,9,4
T4,"((0, 1, 2, 4), (5, 6, 7, 8))",cp,10,4
T4,"((0, 1, 2, 4), (5, 6, 7, 8))",cp,11,4
T4,"((0, 1, 2, 4), (5, 6, 7, 8))",cp,12,4
T4,"((0, 1, 2, 4), (5, 6, 7, 8))",cp,13,4
T4,"((0, 1, 2, 4), (5, 6, 7, 8))",cp,14,4
T4,"((0, 1, 2, 4), (5, 6, 7, 8))",cp,15,4
T4,"((0, 1, 2, 4), (5, 6, 7, 8))",cp,16,4
T4,"((0, 1, 2, 4), (5, 6, 7, 8))",cp,17,4
T4,"((0, 1, 2, 4), (5, 6, 7, 8))",cp,18,4
T4,"((0, 1, 2, 4), (5, 6, 7, 8))",cp,19,4
T4,"((0, 1, 2, 4), (5, 6, 7, 8))",cp,20,4
T4,"((0, 1, 2, 4), (5, 6, 7, 8))",cp,21,4
T4,"((0, 1, 2, 4), (5, 6, 7, 8))",cp,22,4
T4,"((0, 1, 2, 4), (5, 6, 7, 8))",cp,23,4
T4,"((0, 1, 2, 4), (5, 6, 7, 8))",cp,24,4
T4,"((0, 1, 2, 4), (5, 6, 7, 8))",cp,25,4
T4,"((0, 1, 2, 4), (5, 6, 7, 8))",cp,26,4
T4,"((0, 1, 2, 4), (5, 6, 7, 8))",cp,27,4
T4,"((0, 1, 2, 4), (5, 6, 7, 8))",cp,28,4
T4,"((0, 1, 2, 4), (5, 6, 7, 8))",cp,29,4
T4,"((0, 1, 2, 4), (5, 6, 7, 9))",cp,0,3
T4,"((0, 1, 2, 4), (5, 6, 7, 9))",cp,1,4
T4,"((0, 1, 2, 4), (5, 6, 7, 9))",cp,2,4
T4,"((0, 1, 2, 4), (5, 6, 7, 9))",cp,3,3
T4,"((0, 1, 2, 4), (5, 6, 7, 9))",cp,4,3
T4,"((0, 1, 2, 4), (5, 6, 7, 9))",cp,5,4
T4,"((0, 1, 2, 4), (5, 6, 7, 9))",cp,6,4
T4,"((0, 1, 2, 4), (5, 6, 7, 9))",cp,7,3
T4,"((0, 1, 2, 4), (5, 6, 7, 9))",cp,8,4
T4,"((0, 1, 2, 4), (5, 6, 7, 9))",cp,9,4
T4,"((0, 1, 2, 4), (5, 6, 7, 9))",cp,10,3
T4,"((0, 1, 2, 4), (5, 6, 7, 9))",cp,11,3
T4,"((0, 1, 2, 4), (5, 6, 7, 9))",cp,12,3
T4,"((0, 1, 2, 4), (5, 6, 7, 9))",cp,13,3
T4,"((0, 1, 2, 4), (5, 6, 7, 9))",cp,14,3
T4,"((0, 1, 2, 4), (5, 6, 7, 9))",cp,15,4
T4,"((0, 1, 2, 4), (5, 6, 7, 9))",cp,16,2
T4,"((0, 1, 2, 4), (5, 6, 7, 9))",cp,17,3
T4,"((0, 1, 2, 4), (5, 6, 7, 9))",cp,18,4
T4,"((0, 1, 2, 4), (5, 6, 7, 9))",cp,19,4
T4,"((0, 1, 2, 4), (5, 6, 7, 9))",cp,20,4
T4,"((0, 1, 2, 4), (5, 6, 7, 9))",cp,21,4
T4,"((0, 1, 2, 4), (5, 6, 7, 9))",cp,22,4
T4,"((0, 1, 2, 4), (5, 6, 7, 9))",cp,23,3
T4,"((0, 1, 2, 4), (5, 6, 7, 9))",cp,24,4
T4,"((0, 1, 2, 4), (5, 6, 7, 9))",cp,25,2
T4,"((0, 1, 2, 4), (5, 6, 7, 9))",cp,26,3
T4,"((0, 1, 2, 4), (5, 6, 7, 9))",cp,27,3
T4,"((0, 1, 2, 4), (5, 6, 7, 9))",cp,28,4
T4,"((0, 1, 2, 4), (5, 6, 7, 9))",cp,29,3
T4,"((0, 1, 2, 4), (5, 6, 8, 9))",cp,0,4
T4,"((0, 1, 2, 4), (5, 6, 8, 9))",cp,1,4
T4,"((0, 1, 2, 4), (5, 6, 8, 9))",cp,2,4
T4,"((0, 1, 2, 4), (5, 6, 8, 9))",cp,3,4
T4,"((0, 1, 2, 4), (5, 6, 8, 9))",cp,4,4
T4,"((0, 1, 2, 4), (5, 6, 8, 9))",cp,5,4
T4,"((0, 1, 2, 4), (5, 6, 8, 9))",cp,6,4
T4,"((0, 1, 2, 4), (5, 6, 8, 9))",cp,7,4
T4,"((0, 1, 2, 4), (5, 6, 8, 9))",cp,8,4
T4,"((0, 1, 2, 4), (5, 6, 8, 9))",cp,9,4
T4,"((0, 1, 2, 4), (5, 6, 8, 9))",cp,10,4
T4,"((0, 1, 2, 4), (5, 6, 8, 9))",cp,11,4
T4,"((0, 1, 2, 4), (5, 6, 8, 9))",cp,12,4
T4,"((0, 1, 2, 4), (5, 6, 8, 9))",cp,13,4
T4,"((0, 1, 2, 4), (5, 6, 8, 9))",cp,14,4
T4,"((0, 1, 2, 4), (5, 6, 8, 9))",cp,15,4
T4,"((0, 1, 2, 4), (5, 6, 8, 9))",cp,16,4
T4,"((0, 1, 2, 4), (5, 6, 8, 9))",cp,17,4
T4,"((0, 1, 2, 4), (5, 6, 8, 9))",cp,18,4
T4,"((0, 1, 2, 4), (5, 6, 8, 9))",cp,19,4
T4,"((0, 1, 2, 4), (5, 6, 8, 9))",cp,20,4
T4,"((0, 1, 2, 4), (5, 6, 8, 9))",cp,21,4
T4,"((0, 1, 2, 4), (5, 6, 8, 9))",cp,22,4
T4,"((0, 1, 2, 4), (5, 6, 8, 9))",cp,23,4
T4,"((0, 1, 2, 4), (5, 6, 8, 9))",cp,24,4
T4,"((0, 1, 2, 4), (5, 6, 8, 9))",cp,25,4
T4,"((0, 1, 2, 4), (5, 6, 8, 9))",cp,26,4
T4,"((0, 1, 2, 4), (5, 6, 8, 9))",cp,27,4
T4,"((0, 1, 2, 4), (5, 6, 8, 9))",cp,28,4
T4,"((0, 1, 2, 4), (5, 6, 8, 9))",cp,29,4
T4,"((0, 1, 2, 4), (5, 7, 8, 9))",cp,0,4
T4,"((0, 1, 2, 4), (5, 7, 8, 9))",cp,1,4
T4,"((0, 1, 2, 4), (5, 7, 8, 9))",cp,2,4
T4,"((0, 1, 2, 4), (5, 7, 8, 9))",cp,3,4
T4,"((0, 1, 2, 4), (5, 7, 8, 9))",cp,4,4
T4,"((0, 1, 2, 4), (5, 7, 8, 9))",cp,5,4
T4,"((0, 1, 2, 4), (5, 7, 8, 9))",cp,6,4
T4,"((0, 1, 2, 4), (5, 7, 8, 9))",cp,7,4
T4,"((0, 1, 2, 4), (5, 7, 8, 9))",cp,8,4
T4,"((0, 1, 2, 4), (5, 7, 8, 9))",cp,9,4
T4,"((0, 1, 2, 4), (5, 7, 8, 9))",cp,10,4
T4,"((0, 1, 2, 4), (5, 7, 8, 9))",cp,11,4
T4,"((0, 1, 2, 4), (5, 7, 8, 9))",cp,12,4
T4,"((0, 1, 2, 4), (5, 7, 8, 9))",cp,13,4
T4,"((0, 1, 2, 4), (5, 7, 8, 9))",cp,14,4
T4,"((0, 1, 2, 4), (5, 7, 8, 9))",cp,15,4
T4,"((0, 1, 2, 4), (5, 7, 8, 9))",cp,16,4
T4,"((0, 1, 2, 4), (5, 7, 8, 9))",cp,17,4
T4,"((0, 1, 2, 4), (5, 7, 8, 9))",cp,18,4
T4,"((0, 1, 2, 4), (5, 7, 8, 9))",cp,19,4
T4,"((0, 1, 2, 4), (5, 7, 8, 9))",cp,20,4
T4,"((0, 1, 2, 4), (5, 7, 8, 9))",cp,21,4
T4,"((0, 1, 2, 4), (5, 7, 8, 9))",cp,22,4
T4,"((0, 1, 2, 4), (5, 7, 8, 9))",cp,23,4
T4,"((0, 1, 2, 4), (5, 7, 8, 9))",cp,24,4
T4,"((0, 1, 2, 4), (5, 7, 8, 9))",cp,25,4
T4,"((0, 1, 2, 4), (5, 7, 8, 9))",cp,26,4
T4,"((0, 1, 2, 4), (5, 7, 8, 9))",cp,27,4
T4,"((0, 1, 2, 4), (5, 7, 8, 9))",cp,28,4
T4,"((0, 1, 2, 4), (5, 7, 8, 9))",cp,29,4
T4,"((0, 1, 2, 4), (6, 7, 8, 9))",cp,0,4
T4,"((0, 1, 2, 4), (6, 7, 8, 9))",cp,1,4
T4,"((0, 1, 2, 4), (6, 7, 8, 9))",cp,2,4
T4,"((0, 1, 2, 4), (6, 7, 8, 9))",cp,3,4
T4,"((0, 1, 2, 4), (6, 7, 8, 9))",cp,4,4
T4,"((0, 1, 2, 4), (6, 7, 8, 9))",cp,5,4
T4,"((0, 1, 2, 4), (6, 7, 8, 9))",cp,6,4
T4,"((0, 1, 2, 4), (6, 7, 8, 9))",cp,7,4
T4,"((0, 1, 2, 4), (6, 7, 8, 9))",cp,8,4
T4,"((0, 1, 2, 4), (6, 7, 8, 9))",cp,9,4
T4,"((0, 1, 2, 4), (6, 7, 8, 9))",cp,10,4
T4,"((0, 1, 2, 4), (6, 7, 8, 9))",cp,11,4
T4,"((0, 1, 2, 4), (6, 7, 8, 9))",cp,12,4
T4,"((0, 1, 2, 4), (6, 7, 8, 9))",cp,13,4
T4,"((0, 1, 2, 4), (6, 7, 8, 9))",cp,14,4
T4,"((0, 1, 2, 4), (6, 7, 8, 9))",cp,15,4
T4,"((0, 1, 2, 4), (6, 7, 8, 9))",cp,16,4
T4,"((0, 1, 2, 4), (6, 7, 8, 9))",cp,17,4
T4,"((0, 1, 2, 4), (6, 7, 8, 9))",cp,18,4
T4,"((0, 1, 2, 4), (6, 7, 8, 9))",cp,19,4
T4,"((0, 1, 2, 4), (6, 7, 8, 9))",cp,20,4
T4,"((0, 1, 2, 4), (6, 7, 8, 9))",cp,21,4
T4,"((0, 1, 2, 4), (6, 7, 8, 9))",cp,22,4
T4,"((0, 1, 2, 4), (6, 7, 8, 9))",cp,23,4
T4,"((0, 1, 2, 4), (6, 7, 8, 9))",cp,24,4
T4,"((0, 1, 2, 4), (6, 7, 8, 9))",cp,25,4
T4,"((0, 1, 2, 4), (6, 7, 8, 9))",cp,26,4
T4,"((0, 1, 2, 4), (6, 7, 8, 9))",cp,27,4
T4,"((0, 1, 2, 4), (6, 7, 8, 9))",cp,28,4
T4,"((0, 1, 2, 4), (6, 7, 8, 9))",cp,29,4
T4,"((0, 1, 3, 4), (5, 6, 7, 8))",cp,0,4
T4,"((0, 1, 3, 4), (5, 6, 7, 8))",cp,1,4
T4,"((0, 1, 3, 4), (5, 6, 7, 8))",cp,2,4
T4,"((0, 1, 3, 4), (5, 6, 7, 8))",cp,3,4
T4,"((0, 1, 3, 4), (5, 6, 7, 8))",cp,4,4
T4,"((0, 1, 3, 4), (5, 6, 7, 8))",cp,5,4
T4,"((0, 1, 3, 4), (5, 6, 7, 8))",cp,6,4
T4,"((0, 1, 3, 4), (5, 6, 7, 8))",cp,7,4
T4,"((0, 1, 3, 4), (5, 6, 7, 8))",cp,8,4
T4,"((0, 1, 3, 4), (5, 6, 7, 8))",cp,9,4
T4,"((0, 1, 3, 4), (5, 6, 7, 8))",cp,10,4
T4,"((0, 1, 3, 4), (5, 6, 7, 8))",cp,11,4
T4,"((0, 1, 3, 4), (5, 6, 7, 8))",cp,12,4
T4,"((0, 1, 3, 4), (5, 6, 7, 8))",cp,13,4
T4,"((0, 1, 3, 4), (5, 6, 7, 8))",cp,14,4
T4,"((0, 1, 3, 4), (5, 6, 7, 8))",cp,15,4
T4,"((0, 1, 3, 4), (5, 6, 7, 8))",cp,16,4
T4,"((0, 1, 3, 4), (5, 6, 7, 8))",cp,17,4
T4,"((0, 1, 3, 4), (5, 6, 7, 8))",cp,18,4
T4,"((0, 1, 3, 4), (5, 6, 7, 8))",cp,19,4
T4,"((0, 1, 3, 4), (5, 6, 7, 8))",cp,20,4
T4,"((0, 1, 3, 4), (5, 6, 7, 8))",cp,21,4
T4,"((0, 1, 3, 4), (5, 6, 7, 8))",cp,22,4
T4,"((0, 1, 3, 4), (5, 6, 7, 8))",cp,23,4
T4,"((0, 1, 3, 4), (5, 6, 7, 8))",cp,24,4
T4,"((0, 1, 3, 4), (5, 6, 7, 8))",cp,25,4
T4,"((0, 1, 3, 4), (5, 6, 7, 8))",cp,26,4
T4,"((0, 1, 3, 4), (5, 6, 7, 8))",cp,27,4
T4,"((0, 1, 3, 4), (5, 6, 7, 8))",cp,28,4
T4,"((0, 1, 3, 4), (5, 6, 7, 8))",cp,29,4
T4,"((0, 1, 3, 4), (5, 6, 7, 9))",cp,0,3
T4,"((0, 1, 3, 4), (5, 6, 7, 9))",cp,1,4
T4,"((0, 1, 3, 4), (5, 6, 7, 9))",cp,2,2
T4,"((0, 1, 3, 4), (5, 6, 7, 9))",cp,3,2
T4,"((0, 1, 3, 4), (5, 6, 7, 9))",cp,4,3
T4,"((0, 1, 3, 4), (5, 6, 7, 9))",cp,5,4
T4,"((0, 1, 3, 4), (5, 6, 7, 9))",cp,6,4
T4,"((0, 1, 3, 4), (5, 6, 7, 9))",cp,7,4
T4,"((0, 1, 3, 4), (5, 6, 7, 9))",cp,8,3
T4,"((0, 1, 3, 4), (5, 6, 7, 9))",cp,9,3
T4,"((0, 1, 3, 4), (5, 6, 7, 9))",cp,10,2
T4,"((0, 1, 3, 4), (5, 6, 7, 9))",cp,11,4
T4,"((0, 1, 3, 4), (5, 6, 7, 9))",cp,12,4
T4,"((0, 1, 3, 4), (5, 6, 7, 9))",cp,13,4
T4,"((0, 1, 3, 4), (5, 6, 7, 9))",cp,14,2
T4,"((0, 1, 3, 4), (5, 6, 7, 9))",cp,15,3
T4,"((0, 1, 3, 4), (5, 6, 7, 9))",cp,16,3
T4,"((0, 1, 3, 4), (5, 6, 7, 9))",cp,17,4
T4,"((0, 1, 3, 4), (5, 6, 7, 9))",cp,18,3
T4,"((0, 1, 3, 4), (5, 6, 7, 9))",cp,19,3
T4,"((0, 1, 3, 4), (5, 6, 7, 9))",cp,20,4
T4,"((0, 1, 3, 4), (5, 6, 7, 9))",cp,21,3
T4,"((0, 1, 3, 4), (5, 6, 7, 9))",cp,22,4
T4,"((0, 1, 3, 4), (5, 6, 7, 9))",cp,23,3
T4,"((0, 1, 3, 4), (5, 6, 7, 9))",cp,24,4
T4,"((0, 1, 3, 4), (5, 6, 7, 9))",cp,25,4
T4,"((0, 1, 3, 4), (5, 6, 7, 9))",cp,26,4
T4,"((0, 1, 3, 4), (5, 6, 7, 9))",cp,27,3
T4,"((0, 1, 3, 4), (5, 6, 7, 9))",cp,28,4
T4,"((0, 1, 3, 4), (5, 6, 7, 9))",cp,29,4
T4,"((0, 1, 3, 4), (5, 6, 8, 9))",cp,0,4
T4,"((0, 1, 3, 4), (5, 6, 8, 9))",cp,1,4
T4,"((0, 1, 3, 4), (5, 6, 8, 9))",cp,2,4
T4,"((0, 1, 3, 4), (5, 6, 8, 9))",cp,3,4
T4,"((0, 1, 3, 4), (5, 6, 8, 9))",cp,4,4
T4,"((0, 1, 3, 4), (5, 6, 8, 9))",cp,5,4
T4,"((0, 1, 3, 4), (5, 6, 8, 9))",cp,6,4
T4,"((0, 1, 3, 4), (5, 6, 8, 9))",cp,7,4
T4,"((0, 1, 3, 4), (5, 6, 8, 9))",cp,8,4
T4,"((0, 1, 3, 4), (5, 6, 8, 9))",cp,9,4
T4,"((0, 1, 3, 4), (5, 6, 8, 9))",cp,10,4
T4,"((0, 1, 3, 4), (5, 6, 8, 9))",cp,11,4
T4,"((0, 1, 3, 4), (5, 6, 8, 9))",cp,12,4
T4,"((0, 1, 3, 4), (5, 6, 8, 9))",cp,13,4
T4,"((0, 1, 3, 4), (5, 6, 8, 9))",cp,14,4
T4,"((0, 1, 3, 4), (5, 6, 8, 9))",cp,15,4
T4,"((0, 1, 3, 4), (5, 6, 8, 9))",cp,16,4
T4,"((0, 1, 3, 4), (5, 6, 8, 9))",cp,17,4
T4,"((0, 1, 3, 4), (5, 6, 8, 9))",cp,18,4
T4,"((0, 1, 3, 4), (5, 6, 8, 9))",cp,19,4
T4,"((0, 1, 3, 4), (5, 6, 8, 9))",cp,20,4
T4,"((0, 1, 3, 4), (5, 6, 8, 9))",cp,21,4
T4,"((0, 1, 3, 4), (5, 6, 8, 9))",cp,22,4
T4,"((0, 1, 3, 4), (5, 6, 8, 9))",cp,23,4
T4,"((0, 1, 3, 4), (5, 6, 8, 9))",cp,24,4
T4,"((0, 1, 3, 4), (5, 6, 8, 9))",cp,25,4
T4,"((0, 1, 3, 4), (5, 6, 8, 9))",cp,26,4
T4,"((0, 1, 3, 4), (5, 6, 8, 9))",cp,27,4
T4,"((0, 1, 3, 4), (5, 6, 8, 9))",cp,28,4
T4,"((0, 1, 3, 4), (5, 6, 8, 9))",cp,29,4
T4,"((0, 1, 3, 4), (5, 7, 8, 9))",cp,0,4
T4,"((0, 1, 3, 4), (5, 7, 8, 9))",cp,1,4
T4,"((0, 1, 3, 4), (5, 7, 8, 9))",cp,2,4
T4,"((0, 1, 3, 4), (5, 7, 8, 9))",cp,3,4
T4,"((0, 1, 3, 4), (5, 7, 8, 9))",cp,4,4
T4,"((0, 1, 3, 4), (5, 7, 8, 9))",cp,5,4
T4,"((0, 1, 3, 4), (5, 7, 8, 9))",cp,6,4
T4,"((0, 1, 3, 4), (5, 7, 8, 9))",cp,7,4
T4,"((0, 1, 3, 4), (5, 7, 8, 9))",cp,8,4
T4,"((0, 1, 3, 4), (5, 7, 8, 9))",cp,9,4
T4,"((0, 1, 3, 4), (5, 7, 8, 9))",cp,10,4
T4,"((0, 1, 3, 4), (5, 7, 8, 9))",cp,11,4
T4,"((0, 1, 3, 4), (5, 7, 8, 9))",cp,12,4
T4,"((0, 1, 3, 4), (5, 7, 8, 9))",cp,13,4
T4,"((0, 1, 3, 4), (5, 7, 8, 9))",cp,14,4
T4,"((0, 1, 3, 4), (5, 7, 8, 9))",cp,15,4
T4,"((0, 1, 3, 4), (5, 7, 8, 9))",cp,16,4
T4,"((0, 1, 3, 4), (5, 7, 8, 9))",cp,17,4
T4,"((0, 1, 3, 4), (5, 7, 8, 9))",cp,18,4
T4,"((0, 1, 3, 4), (5, 7, 8, 9))",cp,19,4
T4,"((0, 1, 3, 4), (5, 7, 8, 9))",cp,20,4
T4,"((0, 1, 3, 4), (5, 7, 8, 9))",cp,21,4
T4,"((0, 1, 3, 4), (5, 7, 8, 9))",cp,22,4
T4,"((0, 1, 3, 4), (5, 7, 8, 9))",cp,23,4
T4,"((0, 1, 3, 4), (5, 7, 8, 9))",cp,24,4
T4,"((0, 1, 3, 4), (5, 7, 8, 9))",cp,25,4
T4,"((0, 1, 3, 4), (5, 7, 8, 9))",cp,26,4
T4,"((0, 1, 3, 4), (5, 7, 8, 9))",cp,27,4
T4,"((0, 1, 3, 4), (5, 7, 8, 9))",cp,28,4
T4,"((0, 1, 3, 4), (5, 7, 8, 9))",cp,29,4
T4,"((0, 1, 3, 4), (6, 7, 8, 9))",cp,0,4
T4,"((0, 1, 3, 4), (6, 7, 8, 9))",cp,1,4
T4,"((0, 1, 3, 4), (6, 7, 8, 9))",cp,2,4
T4,"((0, 1, 3, 4), (6, 7, 8, 9))",cp,3,4
T4,"((0, 1, 3, 4), (6, 7, 8, 9))",cp,4,4
T4,"((0, 1, 3, 4), (6, 7, 8, 9))",cp,5,4
T4,"((0, 1, 3, 4), (6, 7, 8, 9))",cp,6,4
T4,"((0, 1, 3, 4), (6, 7, 8, 9))",cp,7,4
T4,"((0, 1, 3, 4), (6, 7, 8, 9))",cp,8,4
T4,"((0, 1, 3, 4), (6, 7, 8, 9))",cp,9,4
T4,"((0, 1, 3, 4), (6, 7, 8, 9))",cp,10,4
T4,"((0, 1, 3, 4), (6, 7, 8, 9))",cp,11,4
T4,"((0, 1, 3, 4), (6, 7, 8, 9))",cp,12,4
T4,"((0, 1, 3, 4), (6, 7, 8, 9))",cp,13,4
T4,"((0, 1, 3, 4), (6, 7, 8, 9))",cp,14,4
T4,"((0, 1, 3, 4), (6, 7, 8, 9))",cp,15,4
T4,"((0, 1, 3, 4), (6, 7, 8, 9))",cp,16,4
T4,"((0, 1, 3, 4), (6, 7, 8, 9))",cp,17,4
T4,"((0, 1, 3, 4), (6, 7, 8, 9))",cp,18,4
T4,"((0, 1, 3, 4), (6, 7, 8, 9))",cp,19,4
T4,"((0, 1, 3, 4), (6, 7, 8, 9))",cp,20,4
T4,"((0, 1, 3, 4), (6, 7, 8, 9))",cp,21,4
T4,"((0, 1, 3, 4), (6, 7, 8, 9))",cp,22,4
T4,"((0, 1, 3, 4), (6, 7, 8, 9))",cp,23,4
T4,"((0, 1, 3, 4), (6, 7, 8, 9))",cp,24,4
T4,"((0, 1, 3, 4), (6, 7, 8, 9))",cp,25,4
T4,"((0, 1, 3, 4), (6, 7, 8, 9))",cp,26,4
T4,"((0, 1, 3, 4), (6, 7, 8, 9))",cp,27,4
T4,"((0, 1, 3, 4), (6, 7, 8, 9))",cp,28,4
T4,"((0, 1, 3, 4), (6, 7, 8, 9))",cp,29,4
T4,"((0, 2, 3, 4), (5, 6, 7, 8))",cp,0,4
T4,"((0, 2, 3, 4), (5, 6, 7, 8))",cp,1,4
T4,"((0, 2, 3, 4), (5, 6, 7, 8))",cp,2,4
T4,"((0, 2, 3, 4), (5, 6, 7, 8))",cp,3,4
T4,"((0, 2, 3, 4), (5, 6, 7, 8))",cp,4,4
T4,"((0, 2, 3, 4), (5, 6, 7, 8))",cp,5,4
T4,"((0, 2, 3, 4), (5, 6, 7, 8))",cp,6,4
T4,"((0, 2, 3, 4), (5, 6, 7, 8))",cp,7,4
T4,"((0, 2, 3, 4), (5, 6, 7, 8))",cp,8,4
T4,"((0, 2, 3, 4), (5, 6, 7, 8))",cp,9,4
T4,"((0, 2, 3, 4), (5, 6, 7, 8))",cp,10,4
T4,"((0, 2, 3, 4), (5, 6, 7, 8))",cp,11,4
T4,"((0, 2, 3, 4), (5, 6, 7, 8))",cp,12,4
T4,"((0, 2, 3, 4), (5, 6, 7, 8))",cp,13,4
T4,"((0, 2, 3, 4), (5, 6, 7, 8))",cp,14,4
T4,"((0, 2, 3, 4), (5, 6, 7, 8))",cp,15,4
T4,"((0, 2, 3, 4), (5, 6, 7, 8))",cp,16,4
T4,"((0, 2, 3, 4), (5, 6, 7, 8))",cp,17,4
T4,"((0, 2, 3, 4), (5, 6, 7, 8))",cp,18,4
T4,"((0, 2, 3, 4), (5, 6, 7, 8))",cp,19,4
T4,"((0, 2, 3, 4), (5, 6, 7, 8))",cp,20,4
T4,"((0, 2, 3, 4), (5, 6, 7, 8))",cp,21,4
T4,"((0, 2, 3, 4), (5, 6, 7, 8))",cp,22,4
T4,"((0, 2, 3, 4), (5, 6, 7, 8))",cp,23,4
T4,"((0, 2, 3, 4), (5, 6, 7, 8))",cp,24,4
T4,"((0, 2, 3, 4), (5, 6, 7, 8))",cp,25,4
T4,"((0, 2, 3, 4), (5, 6, 7, 8))",cp,26,4
T4,"((0, 2, 3, 4), (5, 6, 7, 8))",cp,27,4
T4,"((0, 2, 3, 4), (5, 6, 7, 8))",cp,28,4
T4,"((0, 2, 3, 4), (5, 6, 7, 8))",cp,29,4
T4,"((0, 2, 3, 4), (5, 6, 7, 9))",cp,0,3
T4,"((0, 2, 3, 4), (5, 6, 7, 9))",cp,1,4
T4,"((0, 2, 3, 4), (5, 6, 7, 9))",cp,2,3
T4,"((0, 2, 3, 4), (5, 6, 7, 9))",cp,3,3
T4,"((0, 2, 3, 4), (5, 6, 7, 9))",cp,4,2
T4,"((0, 2, 3, 4), (5, 6, 7, 9))",cp,5,3
T4,"((0, 2, 3, 4), (5, 6, 7, 9))",cp,6,4
T4,"((0, 2, 3, 4), (5, 6, 7, 9))",cp,7,4
T4,"((0, 2, 3, 4), (5, 6, 7, 9))",cp,8,4
T4,"((0, 2, 3, 4), (5, 6, 7, 9))",cp,9,4
T4,"((0, 2, 3, 4), (5, 6, 7, 9))",cp,10,4
T4,"((0, 2, 3, 4), (5, 6, 7, 9))",cp,11,4
T4,"((0, 2, 3, 4), (5, 6, 7, 9))",cp,12,3
T4,"((0, 2, 3, 4), (5, 6, 7, 9))",cp,13,3
T4,"((0, 2, 3, 4), (5, 6, 7, 9))",cp,14,4
T4,"((0, 2, 3, 4), (5, 6, 7, 9))",cp,15,3
T4,"((0, 2, 3, 4), (5, 6, 7, 9))",cp,16,2
T4,"((0, 2, 3, 4), (5, 6, 7, 9))",cp,17,3
T4,"((0, 2, 3, 4), (5, 6, 7, 9))",cp,18,4
T4,"((0, 2, 3, 4), (5, 6, 7, 9))",cp,19,3
T4,"((0, 2, 3, 4), (5, 6, 7, 9))",cp,20,3
T4,"((0, 2, 3, 4), (5, 6, 7, 9))",cp,21,4
T4,"((0, 2, 3, 4), (5, 6, 7, 9))",cp,22,4
T4,"((0, 2, 3, 4), (5, 6, 7, 9))",cp,23,3
T4,"((0, 2, 3, 4), (5, 6, 7, 9))",cp,24,4
T4,"((0, 2, 3, 4), (5, 6, 7, 9))",cp,25,3
T4,"((0, 2, 3, 4), (5, 6, 7, 9))",cp,26,4
T4,"((0, 2, 3, 4), (5, 6, 7, 9))",cp,27,4
T4,"((0, 2, 3, 4), (5, 6, 7, 9))",cp,28,4
T4,"((0, 2, 3, 4), (5, 6, 7, 9))",cp,29,3
T4,"((0, 2, 3, 4), (5, 6, 8, 9))",cp,0,4
T4,"((0, 2, 3, 4), (5, 6, 8, 9))",cp,1,4
T4,"((0, 2, 3, 4), (5, 6, 8, 9))",cp,2,4
T4,"((0, 2, 3, 4), (5, 6, 8, 9))",cp,3,4
T4,"((0, 2, 3, 4), (5, 6, 8, 9))",cp,4,4
T4,"((0, 2, 3, 4), (5, 6, 8, 9))",cp,5,4
T4,"((0, 2, 3, 4), (5, 6, 8, 9))",cp,6,4
T4,"((0, 2, 3, 4), (5, 6, 8, 9))",cp,7,4
T4,"((0, 2, 3, 4), (5, 6, 8, 9))",cp,8,4
T4,"((0, 2, 3, 4), (5, 6, 8, 9))",cp,9,4
T4,"((0, 2, 3, 4), (5, 6, 8, 9))",cp,10,4
T4,"((0, 2, 3, 4), (5, 6, 8, 9))",cp,11,4
T4,"((0, 2, 3, 4), (5, 6, 8, 9))",cp,12,4
T4,"((0, 2, 3, 4), (5, 6, 8, 9))",cp,13,4
T4,"((0, 2, 3, 4), (5, 6, 8, 9))",cp,14,4
T4,"((0, 2, 3, 4), (5, 6, 8, 9))",cp,15,4
T4,"((0, 2, 3, 4), (5, 6, 8, 9))",cp,16,4
T4,"((0, 2, 3, 4), (5, 6, 8, 9))",cp,17,4
T4,"((0, 2, 3, 4), (5, 6, 8, 9))",cp,18,4
T4,"((0, 2, 3, 4), (5, 6, 8, 9))",cp,19,4
T4,"((0, 2, 3, 4), (5, 6, 8, 9))",cp,20,4
T4,"((0, 2, 3, 4), (5, 6, 8, 9))",cp,21,4
T4,"((0, 2, 3, 4), (5, 6, 8, 9))",cp,22,4
T4,"((0, 2, 3, 4), (5, 6, 8, 9))",cp,23,4
T4,"((0, 2, 3, 4), (5, 6, 8, 9))",cp,24,4
T4,"((0, 2, 3, 4), (5, 6, 8, 9))",cp,25,4
T4,"((0, 2, 3, 4), (5, 6, 8, 9))",cp,26,4
T4,"((0, 2, 3, 4), (5, 6, 8, 9))",cp,27,4
T4,"((0, 2, 3, 4), (5, 6, 8, 9))",cp,28,4
T4,"((0, 2, 3, 4), (5, 6, 8, 9))",cp,29,4
T4,"((0, 2, 3, 4), (5, 7, 8, 9))",cp,0,4
T4,"((0, 2, 3, 4), (5, 7, 8, 9))",cp,1,4
T4,"((0, 2, 3, 4), (5, 7, 8, 9))",cp,2,4
T4,"((0, 2, 3, 4), (5, 7, 8, 9))",cp,3,4
T4,"((0, 2, 3, 4), (5, 7, 8, 9))",cp,4,4
T4,"((0, 2, 3, 4), (5, 7, 8, 9))",cp,5,4
T4,"((0, 2, 3, 4), (5, 7, 8, 9))",cp,6,4
T4,"((0, 2, 3, 4), (5, 7, 8, 9))",cp,7,4
T4,"((0, 2, 3, 4), (5, 7, 8, 9))",cp,8,4
T4,"((0, 2, 3, 4), (5, 7, 8, 9))",cp,9,4
T4,"((0, 2, 3, 4), (5, 7, 8, 9))",cp,10,4
T4,"((0, 2, 3, 4), (5, 7, 8, 9))",cp,11,4
T4,"((0, 2, 3, 4), (5, 7, 8, 9))",cp,12,4
T4,"((0, 2, 3, 4), (5, 7, 8, 9))",cp,13,4
T4,"((0, 2, 3, 4), (5, 7, 8, 9))",cp,14,4
T4,"((0, 2, 3, 4), (5, 7, 8, 9))",cp,15,4
T4,"((0, 2, 3, 4), (5, 7, 8, 9))",cp,16,4
T4,"((0, 2, 3, 4), (5, 7, 8, 9))",cp,17,4
T4,"((0, 2, 3, 4), (5, 7, 8, 9))",cp,18,4
T4,"((0, 2, 3, 4), (5, 7, 8, 9))",cp,19,4
T4,"((0, 2, 3, 4), (5, 7, 8, 9))",cp,20,4
T4,"((0, 2, 3, 4), (5, 7, 8, 9))",cp,21,4
T4,"((0, 2, 3, 4), (5, 7, 8, 9))",cp,22,4
T4,"((0, 2, 3, 4), (5, 7, 8, 9))",cp,23,4
T4,"((0, 2, 3, 4), (5, 7, 8, 9))",cp,24,4
T4,"((0, 2, 3, 4), (5, 7, 8, 9))",cp,25,4
T4,"((0, 2, 3, 4), (5, 7, 8, 9))",cp,26,4
T4,"((0, 2, 3, 4), (5, 7, 8, 9))",cp,27,4
T4,"((0, 2, 3, 4), (5, 7, 8, 9))",cp,28,4
T4,"((0, 2, 3, 4), (5, 7, 8, 9))",cp,29,4
T4,"((0, 2, 3, 4), (6, 7, 8, 9))",cp,0,4
T4,"((0, 2, 3, 4), (6, 7, 8, 9))",cp,1,4
T4,"((0, 2, 3, 4), (6, 7, 8, 9))",cp,2,4
T4,"((0, 2, 3, 4), (6, 7, 8, 9))",cp,3,4
T4,"((0, 2, 3, 4), (6, 7, 8, 9))",cp,4,4
T4,"((0, 2, 3, 4), (6, 7, 8, 9))",cp,5,4
T4,"((0, 2, 3, 4), (6, 7, 8, 9))",cp,6,4
T4,"((0, 2, 3, 4), (6, 7, 8, 9))",cp,7,4
T4,"((0, 2, 3, 4), (6, 7, 8, 9))",cp,8,4
T4,"((0, 2, 3, 4), (6, 7, 8, 9))",cp,9,4
T4,"((0, 2, 3, 4), (6, 7, 8, 9))",cp,10,4
T4,"((0, 2, 3, 4), (6, 7, 8, 9))",cp,11,4
T4,"((0, 2, 3, 4), (6, 7, 8, 9))",cp,12,4
T4,"((0, 2, 3, 4), (6, 7, 8, 9))",cp,13,4
T4,"((0, 2, 3, 4), (6, 7, 8, 9))",cp,14,4
T4,"((0, 2, 3, 4), (6, 7, 8, 9))",cp,15,4
T4,"((0, 2, 3, 4), (6, 7, 8, 9))",cp,16,4
T4,"((0, 2, 3, 4), (6, 7, 8, 9))",cp,17,4
T4,"((0, 2, 3, 4), (6, 7, 8, 9))",cp,18,4
T4,"((0, 2, 3, 4), (6, 7, 8, 9))",cp,19,4
T4,"((0, 2, 3, 4), (6, 7, 8, 9))",cp,20,4
T4,"((0, 2, 3, 4), (6, 7, 8, 9))",cp,21,4
T4,"((0, 2, 3, 4), (6, 7, 8, 9))",cp,22,4
T4,"((0, 2, 3, 4), (6, 7, 8, 9))",cp,23,4
T4,"((0, 2, 3, 4), (6, 7, 8, 9))",cp,24,4
T4,"((0, 2, 3, 4), (6, 7, 8, 9))",cp,25,4
T4,"((0, 2, 3, 4), (6, 7, 8, 9))",cp,26,4
T4,"((0, 2, 3, 4), (6, 7, 8, 9))",cp,27,4
T4,"((0, 2, 3, 4), (6, 7, 8, 9))",cp,28,4
T4,"((0, 2, 3, 4), (6, 7, 8, 9))",cp,29,4
T4,"((1, 2, 3, 4), (5, 6, 7, 8))",cp,0,4
T4,"((1, 2, 3, 4), (5, 6, 7, 8))",cp,1,4
T4,"((1, 2, 3, 4), (5, 6, 7, 8))",cp,2,4
T4,"((1, 2, 3, 4), (5, 6, 7, 8))",cp,3,4
T4,"((1, 2, 3, 4), (5, 6, 7, 8))",cp,4,4
T4,"((1, 2, 3, 4), (5, 6, 7, 8))",cp,5,4
T4,"((1, 2, 3, 4), (5, 6, 7, 8))",cp,6,4
T4,"((1, 2, 3, 4), (5, 6, 7, 8))",cp,7,4
T4,"((1, 2, 3, 4), (5, 6, 7, 8))",cp,8,4
T4,"((1, 2, 3, 4), (5, 6, 7, 8))",cp,9,4
T4,"((1, 2, 3, 4), (5, 6, 7, 8))",cp,10,4
T4,"((1, 2, 3, 4), (5, 6, 7, 8))",cp,11,4
T4,"((1, 2, 3, 4), (5, 6, 7, 8))",cp,12,4
T4,"((1, 2, 3, 4), (5, 6, 7, 8))",cp,13,4
T4,"((1, 2, 3, 4), (5, 6, 7, 8))",cp,14,4
T4,"((1, 2, 3, 4), (5, 6, 7, 8))",cp,15,4
T4,"((1, 2, 3, 4), (5, 6, 7, 8))",cp,16,4
T4,"((1, 2, 3, 4), (5, 6, 7, 8))",cp,17,4
T4,"((1, 2, 3, 4), (5, 6, 7, 8))",cp,18,4
T4,"((1, 2, 3, 4), (5, 6, 7, 8))",cp,19,4
T4,"((1, 2, 3, 4), (5, 6, 7, 8))",cp,20,4
T4,"((1, 2, 3, 4), (5, 6, 7, 8))",cp,21,4
T4,"((1, 2, 3, 4), (5, 6, 7, 8))",cp,22,4
T4,"((1, 2, 3, 4), (5, 6, 7, 8))",cp,23,4
T4,"((1, 2, 3, 4), (5, 6, 7, 8))",cp,24,4
T4,"((1, 2, 3, 4), (5, 6, 7, 8))",cp,25,4
T4,"((1, 2, 3, 4), (5, 6, 7, 8))",cp,26,4
T4,"((1, 2, 3, 4), (5, 6, 7, 8))",cp,27,4
T4,"((1, 2, 3, 4), (5, 6, 7, 8))",cp,28,4
T4,"((1, 2, 3, 4), (5, 6, 7, 8))",cp,29,4
T4,"((1, 2, 3, 4), (5, 6, 7, 9))",cp,0,4
T4,"((1, 2, 3, 4), (5, 6, 7, 9))",cp,1,4
T4,"((1, 2, 3, 4), (5, 6, 7, 9))",cp,2,4
T4,"((1, 2, 3, 4), (5, 6, 7, 9))",cp,3,4
T4,"((1, 2, 3, 4), (5, 6, 7, 9))",cp,4,4
T4,"((1, 2, 3, 4), (5, 6, 7, 9))",cp,5,4
T4,"((1, 2, 3, 4), (5, 6, 7, 9))",cp,6,4
T4,"((1, 2, 3, 4), (5, 6, 7, 9))",cp,7,4
T4,"((1, 2, 3, 4), (5, 6, 7, 9))",cp,8,4
T4,"((1, 2, 3, 4), (5, 6, 7, 9))",cp,9,4
T4,"((1, 2, 3, 4), (5, 6, 7, 9))",cp,10,4
T4,"((1, 2, 3, 4), (5, 6, 7, 9))",cp,11,4
T4,"((1, 2, 3, 4), (5, 6, 7, 9))",cp,12,4
T4,"((1, 2, 3, 4), (5, 6, 7, 9))",cp,13,4
T4,"((1, 2, 3, 4), (5, 6, 7, 9))",cp,14,4
T4,"((1, 2, 3, 4), (5, 6, 7, 9))",cp,15,4
T4,"((1, 2, 3, 4), (5, 6, 7, 9))",cp,16,4
T4,"((1, 2, 3, 4), (5, 6, 7, 9))",cp,17,4
T4,"((1, 2, 3, 4), (5, 6, 7, 9))",cp,18,4
T4,"((1, 2, 3, 4), (5, 6, 7, 9))",cp,19,4
T4,"((1, 2, 3, 4), (5, 6, 7, 9))",cp,20,4
T4,"((1, 2, 3, 4), (5, 6, 7, 9))",cp,21,4
T4,"((1, 2, 3, 4), (5, 6, 7, 9))",cp,22,4
T4,"((1, 2, 3, 4), (5, 6, 7, 9))",cp,23,4
T4,"((1, 2, 3, 4), (5, 6, 7, 9))",cp,24,4
T4,"((1, 2, 3, 4), (5, 6, 7, 9))",cp,25,4
T4,"((1, 2, 3, 4), (5, 6, 7, 9))",cp,26,4
T4,"((1, 2, 3, 4), (5, 6, 7, 9))",cp,27,4
T4,"((1, 2, 3, 4), (5, 6, 7, 9))",cp,28,4
T4,"((1, 2, 3, 4), (5, 6, 7, 9))",cp,29,4
T4,"((1, 2, 3, 4), (5, 6, 8, 9))",cp,0,4
T4,"((1, 2, 3, 4), (5, 6, 8, 9))",cp,1,4
T4,"((1, 2, 3, 4), (5, 6, 8, 9))",cp,2,4
T4,"((1, 2, 3, 4), (5, 6, 8, 9))",cp,3,4
T4,"((1, 2, 3, 4), (5, 6, 8, 9))",cp,4,4
T4,"((1, 2, 3, 4), (5, 6, 8, 9))",cp,5,4
T4,"((1, 2, 3, 4), (5, 6, 8, 9))",cp,6,4
T4,"((1, 2, 3, 4), (5, 6, 8, 9))",cp,7,4
T4,"((1, 2, 3, 4), (5, 6, 8, 9))",cp,8,4
T4,"((1, 2, 3, 4), (5, 6, 8, 9))",cp,9,4
T4,"((1, 2, 3, 4), (5, 6, 8, 9))",cp,10,4
T4,"((1, 2, 3, 4), (5, 6, 8, 9))",cp,11,4
T4,"((1, 2, 3, 4), (5, 6, 8, 9))",cp,12,4
T4,"((1, 2, 3, 4), (5, 6, 8, 9))",cp,13,4
T4,"((1, 2, 3, 4), (5, 6, 8, 9))",cp,14,4
T4,"((1, 2, 3, 4), (5, 6, 8, 9))",cp,15,4
T4,"((1, 2, 3, 4), (5, 6, 8, 9))",cp,16,4
T4,"((1, 2, 3, 4), (5, 6, 8, 9))",cp,17,4
T4,"((1, 2, 3, 4), (5, 6, 8, 9))",cp,18,4
T4,"((1, 2, 3, 4), (5, 6, 8, 9))",cp,19,4
T4,"((1, 2, 3, 4), (5, 6, 8, 9))",cp,20,4
T4,"((1, 2, 3, 4), (5, 6, 8, 9))",cp,21,4
T4,"((1, 2, 3, 4), (5, 6, 8, 9))",cp,22,4
T4,"((1, 2, 3, 4), (5, 6, 8, 9))",cp,23,4
T4,"((1, 2, 3, 4), (5, 6, 8, 9))",cp,24,4
T4,"((1, 2, 3, 4), (5, 6, 8, 9))",cp,25,4
T4,"((1, 2, 3, 4), (5, 6, 8, 9))",cp,26,4
T4,"((1, 2, 3, 4), (5, 6, 8, 9))",cp,27,4
T4,"((1, 2, 3, 4), (5, 6, 8, 9))",cp,28,4
T4,"((1, 2, 3, 4), (5, 6, 8, 9))",cp,29,4
T4,"((1, 2, 3, 4), (5, 7, 8, 9))",cp,0,4
T4,"((1, 2, 3, 4), (5, 7, 8, 9))",cp,1,4
T4,"((1, 2, 3, 4), (5, 7, 8, 9))",cp,2,4
T4,"((1, 2, 3, 4), (5, 7, 8, 9))",cp,3,4
T4,"((1, 2, 3, 4), (5, 7, 8, 9))",cp,4,4
T4,"((1, 2, 3, 4), (5, 7, 8, 9))",cp,5,4
T4,"((1, 2, 3, 4), (5, 7, 8, 9))",cp,6,4
T4,"((1, 2, 3, 4), (5, 7, 8, 9))",cp,7,4
T4,"((1, 2, 3, 4), (5, 7, 8, 9))",cp,8,4
T4,"((1, 2, 3, 4), (5, 7, 8, 9))",cp,9,4
T4,"((1, 2, 3, 4), (5, 7, 8, 9))",cp,10,4
T4,"((1, 2, 3, 4), (5, 7, 8, 9))",cp,11,4
T4,"((1, 2, 3, 4), (5, 7, 8, 9))",cp,12,4
T4,"((1, 2, 3, 4), (5, 7, 8, 9))",cp,13,4
T4,"((1, 2, 3, 4), (5, 7, 8, 9))",cp,14,4
T4,"((1, 2, 3, 4), (5, 7, 8, 9))",cp,15,4
T4,"((1, 2, 3, 4), (5, 7, 8, 9))",cp,16,4
T4,"((1, 2, 3, 4), (5, 7, 8, 9))",cp,17,4
T4,"((1, 2, 3, 4), (5, 7, 8, 9))",cp,18,4
T4,"((1, 2, 3, 4), (5, 7, 8, 9))",cp,19,4
T4,"((1, 2, 3, 4), (5, 7, 8, 9))",cp,20,4
T4,"((1, 2, 3, 4), (5, 7, 8, 9))",cp,21,4
T4,"((1, 2, 3, 4), (5, 7, 8, 9))",cp,22,4
T4,"((1, 2, 3, 4), (5, 7, 8, 9))",cp,23,4
T4,"((1, 2, 3, 4), (5, 7, 8, 9))",cp,24,4
T4,"((1, 2, 3, 4), (5, 7, 8, 9))",cp,25,4
T4,"((1, 2, 3, 4), (5, 7, 8, 9))",cp,26,4
T4,"((1, 2, 3, 4), (5, 7, 8, 9))",cp,27,4
T4,"((1, 2, 3, 4), (5, 7, 8, 9))",cp,28,4
T4,"((1, 2, 3, 4), (5, 7, 8, 9))",cp,29,4
T4,"((1, 2, 3, 4), (6, 7, 8, 9))",cp,0,4
T4,"((1, 2, 3, 4), (6, 7, 8, 9))",cp,1,4
T4,"((1, 2, 3, 4), (6, 7, 8, 9))",cp,2,4
T4,"((1, 2, 3, 4), (6, 7, 8, 9))",cp,3,4
T4,"((1, 2, 3, 4), (6, 7, 8, 9))",cp,4,4
T4,"((1, 2, 3, 4), (6, 7, 8, 9))",cp,5,4
T4,"((1, 2, 3, 4), (6, 7, 8, 9))",cp,6,4
T4,"((1, 2, 3, 4), (6, 7, 8, 9))",cp,7,4
T4,"((1, 2, 3, 4), (6, 7, 8, 9))",cp,8,4
T4,"((1, 2, 3, 4), (6, 7, 8, 9))",cp,9,4
T4,"((1, 2, 3, 4), (6, 7, 8, 9))",cp,10,4
T4,"((1, 2, 3, 4), (6, 7, 8, 9))",cp,11,4
T4,"((1, 2, 3, 4), (6, 7, 8, 9))",cp,12,4
T4,"((1, 2, 3, 4), (6, 7, 8, 9))",cp,13,4
T4,"((1, 2, 3, 4), (6, 7, 8, 9))",cp,14,4
T4,"((1, 2, 3, 4), (6, 7, 8, 9))",cp,15,4
T4,"((1, 2, 3, 4), (6, 7, 8, 9))",cp,16,4
T4,"((1, 2, 3, 4), (6, 7, 8, 9))",cp,17,4
T4,"((1, 2, 3, 4), (6, 7, 8, 9))",cp,18,4
T4,"((1, 2, 3, 4), (6, 7, 8, 9))",cp,19,4
T4,"((1, 2, 3, 4), (6, 7, 8, 9))",cp,20,4
T4,"((1, 2, 3, 4), (6, 7, 8, 9))",cp,21,4
T4,"((1, 2, 3, 4), (6, 7, 8, 9))",cp,22,4
T4,"((1, 2, 3, 4), (6, 7, 8, 9))",cp,23,4
T4,"((1, 2, 3, 4), (6, 7, 8, 9))",cp,24,4
T4,"((1, 2, 3, 4), (6, 7, 8, 9))",cp,25,4
T4,"((1, 2, 3, 4), (6, 7, 8, 9))",cp,26,4
T4,"((1, 2, 3, 4), (6, 7, 8, 9))",cp,27,4
T4,"((1, 2, 3, 4), (6, 7, 8, 9))",cp,28,4
T4,"((1, 2, 3, 4), (6, 7, 8, 9))",cp,29,4
